request_id,op,filename,bytes,rounds,forfeited_bytes,arrival_ns,start_ns,finish_ns
1,PUT,workload_medium.txt,30720,8,0,2802146599396,2802146688062,2802187546734
2,PUT,workload_longline.txt,6401,2,0,2802188100067,2802188123026,2802229085489
3,PUT,workload_large.txt,153637,38,0,2802229232697,2802229311114,2802230064739
4,PUT,workload_small.txt,1083,1,0,2802230177864,2802230203031,2802230343281
8,PUT,load_put_1_workload_small.txt,1083,1,0,2802230874322,2802230958906,2802231454239
12,PUT,load_put_3_workload_small.txt,1083,1,0,2802231320864,2802231582739,2802231721364
10,PUT,load_put_7_workload_longline.txt,6401,2,0,2802231068281,2802231180697,2802272542744
6,PUT,load_put_4_workload_longline.txt,6401,2,0,2802230699281,2802230707281,2802272577911
13,GET,workload_longline.txt,6401,2,0,2802231597947,2802272522577,2802272592452
9,PUT,load_put_6_workload_medium.txt,30720,8,0,2802231064572,2802231114322,2802272641327
11,PUT,load_put_2_workload_medium.txt,30720,8,0,2802231318031,2802231455822,2802272648744
7,GET,workload_medium.txt,30720,8,185,2802230870072,2802230877947,2802272655369
5,PUT,load_put_0_workload_medium.txt,30720,8,0,2802230690447,2802230704197,2802272673202
14,PUT,load_put_9_workload_longline.txt,6401,2,0,2802231767614,2802272538577,2802272916619
16,GET,workload_longline.txt,6401,2,0,2802272700536,2802272722827,2802272957661
20,GET,workload_longline.txt,6401,2,0,2802272723911,2802272881577,2802273065952
18,PUT,load_put_13_workload_small.txt,1083,1,0,2802272707619,2802272741869,2802273091869
24,GET,workload_small.txt,1083,1,0,2802273151536,2802273200286,2802273318494
23,GET,workload_longline.txt,6401,2,0,2802272988369,2802273095244,2802273359494
19,GET,workload_medium.txt,30720,8,185,2802272710577,2802272743911,2802273807619
25,GET,workload_medium.txt,30720,8,185,2802273295036,2802273319786,2802274215036
28,GET,workload_medium.txt,30720,8,185,2802273836994,2802273903119,2802274412286
15,PUT,load_put_10_workload_large.txt,153637,38,0,2802272695244,2802272712036,2802275251744
17,PUT,load_put_12_workload_large.txt,153637,38,0,2802272704327,2802272737411,2802275329578
21,PUT,load_put_16_workload_large.txt,153637,38,0,2802272828869,2802272917119,2802275347286
33,GET,workload_longline.txt,6401,2,0,2802275684786,2802275862953,2802276128578
34,PUT,load_put_29_workload_small.txt,1083,1,0,2802276228994,2802276355203,2802276660619
26,GET,workload_large.txt,153637,38,1214,2802273337119,2802273390661,2802278753203
22,GET,workload_large.txt,153637,38,1214,2802272979119,2802273089036,2802279892203
37,GET,workload_longline.txt,6401,2,0,2802279993453,2802280164578,2802280389162
36,GET,workload_medium.txt,30720,8,185,2802278871328,2802278995620,2802280494078
30,PUT,load_put_25_workload_large.txt,153637,38,0,2802274778619,2802274804536,2802281254203
38,GET,workload_medium.txt,30720,8,185,2802280457078,2802280554995,2802314395582
39,GET,workload_medium.txt,30720,8,185,2802280553537,2802280750870,2802314530166
29,PUT,load_put_24_workload_longline.txt,6401,2,0,2802274298578,2802274337244,2802315195916
27,PUT,load_put_22_workload_medium.txt,30720,8,0,2802273413536,2802273483702,2802315366832
44,GET,workload_small.txt,1083,1,0,2802315441541,2802315597707,2802315664249
31,PUT,load_put_26_workload_longline.txt,6401,2,0,2802275409786,2802275425828,2802317107541
45,GET,workload_small.txt,1083,1,0,2802315759707,2802317261666,2802317318499
32,GET,workload_large.txt,153637,38,1214,2802275413328,2802275443244,2802317552958
40,PUT,load_put_35_workload_longline.txt,6401,2,0,2802281368662,2802281508078,2802322117292
41,GET,workload_medium.txt,30720,8,185,2802314474582,2802314592374,2802322304333
48,GET,workload_longline.txt,6401,2,0,2802317671916,2802322304875,2802355372879
50,PUT,load_put_45_workload_small.txt,1083,1,0,2802322436333,2802355373504,2802355485504
51,GET,workload_longline.txt,6401,2,0,2802355460129,2802357112504,2802357375837
53,PUT,load_put_48_workload_small.txt,1083,1,0,2802357452087,2802357524379,2802357606879
35,GET,workload_large.txt,153637,38,1214,2802276835203,2802277042328,2802357653171
42,PUT,load_put_37_workload_medium.txt,30720,8,0,2802314606749,2802314735749,2802357682962
54,PUT,load_put_49_workload_small.txt,1083,1,0,2802357694546,2802357734212,2802357883379
43,PUT,load_put_38_workload_medium.txt,30720,8,0,2802315321291,2802315448291,2802358051962
55,GET,workload_longline.txt,6401,2,0,2802357758421,2802358052879,2802358212629
59,PUT,load_put_54_workload_small.txt,1083,1,0,2802358284088,2802358445338,2802358531921
56,GET,workload_medium.txt,30720,8,185,2802357761754,2802358070796,2802359446296
46,PUT,load_put_41_workload_medium.txt,30720,8,0,2802317161791,2802317318999,2802359567796
52,PUT,load_put_47_workload_large.txt,153637,38,0,2802355612254,2802357142629,2802362391921
57,PUT,load_put_52_workload_large.txt,153637,38,0,2802358079879,2802358213212,2802363329380
47,PUT,load_put_42_workload_medium.txt,30720,8,0,2802317428833,2802322118000,2802363549171
58,GET,workload_large.txt,153637,38,1214,2802358084046,2802358268004,2802363613588
60,GET,workload_large.txt,153637,38,1214,2802358710379,2802358779171,2802363642588
67,GET,workload_longline.txt,6401,2,0,2802363682796,2802363745255,2802363938213
49,PUT,load_put_44_workload_longline.txt,6401,2,0,2802322220167,2802355053879,2802396772300
69,GET,workload_longline.txt,6401,2,0,2802396846550,2802396946759,2802397201009
61,GET,workload_large.txt,153637,38,1214,2802359572671,2802359626338,2802397402675
70,PUT,load_put_65_workload_small.txt,1083,1,0,2802397313967,2802397403092,2802397480384
71,PUT,load_put_66_workload_small.txt,1083,1,0,2802397524634,2802397610051,2802397662801
73,PUT,load_put_68_workload_small.txt,1083,1,0,2802397821467,2802397987217,2802398142551
62,PUT,load_put_57_workload_longline.txt,6401,2,0,2802359609338,2802359637504,2802400146259
72,GET,workload_medium.txt,30720,8,185,2802397641592,2802397736717,2802400651509
76,PUT,load_put_71_workload_small.txt,1083,1,0,2802400738259,2802400823468,2802400985593
75,GET,workload_medium.txt,30720,8,185,2802400236342,2802400318176,2802404336926
78,GET,workload_small.txt,1083,1,0,2802404446635,2802404471926,2802404522051
63,PUT,load_put_58_workload_large.txt,153637,38,0,2802362500588,2802362613713,2802404606051
66,PUT,load_put_61_workload_medium.txt,30720,8,0,2802363672380,2802363685796,2802404658801
80,PUT,load_put_75_workload_small.txt,1083,1,0,2802404700635,2802404831260,2802405059968
68,PUT,load_put_63_workload_longline.txt,6401,2,0,2802364070547,2802364168505,2802405116426
81,GET,workload_medium.txt,30720,8,185,2802404704343,2802405060593,2802439566639
64,GET,workload_large.txt,153637,38,1214,2802363384713,2802363459880,2802439620931
65,PUT,load_put_60_workload_large.txt,153637,38,0,2802363595921,2802363648088,2802439657972
74,PUT,load_put_69_workload_medium.txt,30720,8,0,2802398261759,2802398403342,2802439675014
84,GET,workload_small.txt,1083,1,0,2802439694306,2802439700306,2802439750972
87,PUT,load_put_82_workload_small.txt,1083,1,0,2802439760222,2802439798972,2802439905056
85,GET,workload_longline.txt,6401,2,0,2802439698847,2802439751472,2802439946514
77,PUT,load_put_72_workload_longline.txt,6401,2,0,2802401106968,2802401210343,2802442099014
89,GET,workload_longline.txt,6401,2,0,2802440051181,2802442157889,2802442370306
91,GET,workload_longline.txt,6401,2,0,2802442235389,2802442382889,2802442498098
92,GET,workload_longline.txt,6401,2,0,2802442458348,2802442559764,2802442815264
82,PUT,load_put_77_workload_longline.txt,6401,2,0,2802405163801,2802405366510,2802446118640
94,GET,workload_longline.txt,6401,2,0,2802442854139,2802446096140,2802446186806
90,GET,workload_medium.txt,30720,8,185,2802440175514,2802442182597,2802446254348
79,PUT,load_put_74_workload_medium.txt,30720,8,0,2802404666260,2802404727468,2802446308973
95,GET,workload_medium.txt,30720,8,185,2802446175515,2802446213056,2802480300602
86,PUT,load_put_81_workload_medium.txt,30720,8,0,2802439729097,2802439777097,2802480409352
99,PUT,load_put_94_workload_small.txt,1083,1,0,2802480395769,2802480448769,2802480654394
83,PUT,load_put_78_workload_large.txt,153637,38,0,2802405166551,2802405464593,2802480728227
100,GET,workload_longline.txt,6401,2,0,2802480559602,2802480682769,2802480780435
93,PUT,load_put_88_workload_medium.txt,30720,8,0,2802442571639,2802442657139,2802484294436
88,PUT,load_put_83_workload_large.txt,153637,38,0,2802439836931,2802442099681,2802484564853
105,GET,workload_medium.txt,30720,8,185,2802484666144,2802484734144,2802485617228
106,GET,workload_small.txt,1083,1,0,2802485667894,2802485732186,2802485774853
97,PUT,load_put_92_workload_large.txt,153637,38,0,2802446321223,2802446353848,2802486056353
107,GET,workload_medium.txt,30720,8,185,2802485799061,2802485864061,2802486963228
98,PUT,load_put_93_workload_longline.txt,6401,2,0,2802446373431,2802446514098,2802487107936
109,GET,workload_small.txt,1083,1,0,2802487049561,2802487112186,2802487151603
110,GET,workload_small.txt,1083,1,0,2802487183519,2802487195353,2802487233228
102,PUT,load_put_97_workload_large.txt,153637,38,0,2802480898477,2802480935769,2802487397478
103,PUT,load_put_98_workload_large.txt,153637,38,0,2802480901269,2802480974477,2802487447728
113,GET,workload_small.txt,1083,1,0,2802487427728,2802487474520,2802487527311
96,PUT,load_put_91_workload_medium.txt,30720,8,0,2802446253431,2802446270556,2802487736436
116,PUT,load_put_111_workload_small.txt,1083,1,0,2802487852895,2802487951811,2802488199978
112,GET,workload_medium.txt,30720,8,185,2802487259811,2802487320561,2802488239645
118,GET,workload_longline.txt,6401,2,0,2802488348145,2802488416728,2802488533436
119,GET,workload_small.txt,1083,1,0,2802488582145,2802488660645,2802488713311
120,GET,workload_longline.txt,6401,2,0,2802488755020,2802488797228,2802488904728
104,GET,workload_large.txt,153637,38,1214,2802484399852,2802484456436,2802488951936
117,GET,workload_medium.txt,30720,8,185,2802488317728,2802488352853,2802489115811
122,PUT,load_put_117_workload_small.txt,1083,1,0,2802489065145,2802489116353,2802489218061
124,GET,workload_longline.txt,6401,2,0,2802489286270,2802489374520,2802489569978
125,GET,workload_small.txt,1083,1,0,2802489637145,2802489720478,2802489750103
126,PUT,load_put_121_workload_small.txt,1083,1,0,2802489838186,2802489978478,2802490158270
121,GET,workload_medium.txt,30720,8,185,2802488941020,2802488970061,2802490189645
127,PUT,load_put_122_workload_small.txt,1083,1,0,2802490231812,2802490258062,2802490486103
108,PUT,load_put_103_workload_large.txt,153637,38,0,2802486121353,2802486207144,2802521419024
101,PUT,load_put_96_workload_medium.txt,30720,8,0,2802480730352,2802480804727,2802528221274
111,GET,workload_large.txt,153637,38,1214,2802487213019,2802487247186,2802530095816
115,PUT,load_put_110_workload_large.txt,153637,38,0,2802487653853,2802487736853,2802530113108
114,PUT,load_put_109_workload_medium.txt,30720,8,0,2802487601770,2802487639561,2802530133650
132,GET,workload_small.txt,1083,1,0,2802530150025,2802530158441,2802530208233
133,PUT,load_put_128_workload_small.txt,1083,1,0,2802530172400,2802530225108,2802530312025
134,GET,workload_longline.txt,6401,2,0,2802530176191,2802530312650,2802530506275
129,PUT,load_put_124_workload_longline.txt,6401,2,0,2802490552020,2802490690687,2802532091733
123,PUT,load_put_118_workload_medium.txt,30720,8,0,2802489205561,2802489263811,2802532112400
130,PUT,load_put_125_workload_longline.txt,6401,2,0,2802521503815,2802521557607,2802562056653
140,PUT,load_put_135_workload_small.txt,1083,1,0,2802562135820,2802569102613,2802569159404
141,PUT,load_put_136_workload_small.txt,1083,1,0,2802569241613,2802569271363,2802569412279
142,GET,workload_small.txt,1083,1,0,2802569526113,2802569574571,2802569619863
138,GET,workload_medium.txt,30720,8,185,2802532162192,2802532208483,2802569758071
131,PUT,load_put_126_workload_medium.txt,30720,8,0,2802528308608,2802528372358,2802569776363
135,PUT,load_put_130_workload_longline.txt,6401,2,0,2802530242233,2802530400233,2802571078321
137,PUT,load_put_132_workload_longline.txt,6401,2,0,2802530592983,2802532112775,2802573098321
146,PUT,load_put_141_workload_small.txt,1083,1,0,2802571161029,2802573098946,2802573194738
139,PUT,load_put_134_workload_longline.txt,6401,2,0,2802532164775,2802532351150,2802574119696
147,GET,workload_small.txt,1083,1,0,2802573186530,2802574131196,2802574176238
148,GET,workload_longline.txt,6401,2,0,2802573306238,2802574176655,2802574245197
143,PUT,load_put_138_workload_longline.txt,6401,2,0,2802569650113,2802569680904,2802610814409
128,PUT,load_put_123_workload_large.txt,153637,38,0,2802490234645,2802490486770,2802611573451
149,GET,workload_medium.txt,30720,8,185,2802574199446,2802574255988,2802611671784
150,GET,workload_medium.txt,30720,8,185,2802574239363,2802574328988,2802611737201
144,PUT,load_put_139_workload_longline.txt,6401,2,0,2802569845988,2802571090863,2802612143326
156,PUT,load_put_151_workload_small.txt,1083,1,0,2802612282826,2802612340368,2802612436826
145,PUT,load_put_140_workload_medium.txt,30720,8,0,2802569848488,2802571145904,2802612561243
136,PUT,load_put_131_workload_large.txt,153637,38,0,2802530448233,2802530536441,2802614064535
151,PUT,load_put_146_workload_medium.txt,30720,8,0,2802574316905,2802574409988,2802615631368
160,GET,workload_small.txt,1083,1,0,2802615688910,2802615746826,2802615799493
161,GET,workload_longline.txt,6401,2,0,2802615860535,2802615912868,2802616088910
152,GET,workload_large.txt,153637,38,1214,2802610963118,2802611160201,2802616927285
155,PUT,load_put_150_workload_longline.txt,6401,2,0,2802611764493,2802611941993,2802652075414
153,GET,workload_large.txt,153637,38,1214,2802611678951,2802611748201,2802652384289
154,GET,workload_large.txt,153637,38,1214,2802611733534,2802611846868,2802652877164
157,PUT,load_put_152_workload_longline.txt,6401,2,0,2802612484784,2802612561784,2802654101914
166,PUT,load_put_161_workload_small.txt,1083,1,0,2802652946498,2802654226289,2802654351456
167,GET,workload_longline.txt,6401,2,0,2802654146039,2802654352373,2802654536581
169,PUT,load_put_164_workload_small.txt,1083,1,0,2802654646664,2802654710289,2802654902539
168,GET,workload_longline.txt,6401,2,0,2802654490039,2802654666373,2802655052748
158,GET,workload_large.txt,153637,38,1214,2802612591534,2802612650118,2802655543623
163,PUT,load_put_158_workload_longline.txt,6401,2,0,2802616961618,2802617123493,2802659102082
173,GET,workload_longline.txt,6401,2,0,2802659190498,2802659240290,2802659404707
159,PUT,load_put_154_workload_large.txt,153637,38,0,2802614148826,2802614292201,2802659467373
170,GET,workload_medium.txt,30720,8,185,2802654945956,2802655089914,2802659492707
162,PUT,load_put_157_workload_medium.txt,30720,8,0,2802616136576,2802616196118,2802659557248
174,GET,workload_longline.txt,6401,2,0,2802659458915,2802659530290,2802659643582
175,PUT,load_put_170_workload_small.txt,1083,1,0,2802659563165,2802659644082,2802659804957
179,GET,workload_small.txt,1083,1,0,2802659851373,2802660034665,2802660069873
171,PUT,load_put_166_workload_longline.txt,6401,2,0,2802655098623,2802655259831,2802696072669
178,GET,workload_longline.txt,6401,2,0,2802659805748,2802659989665,2802696121128
180,PUT,load_put_175_workload_small.txt,1083,1,0,2802660158665,2802696121586,2802696234253
172,PUT,load_put_167_workload_longline.txt,6401,2,0,2802655685373,2802657167123,2802698088295
165,PUT,load_put_160_workload_medium.txt,30720,8,0,2802652469331,2802652592789,2802700226920
176,PUT,load_put_171_workload_medium.txt,30720,8,0,2802659565457,2802659805707,2802700409586
185,PUT,load_put_180_workload_small.txt,1083,1,0,2802700375878,2802700416795,2802700486795
177,PUT,load_put_172_workload_medium.txt,30720,8,0,2802659620415,2802659909040,2802700499212
182,GET,workload_medium.txt,30720,8,185,2802696344503,2802696568419,2802700520503
187,GET,workload_longline.txt,6401,2,0,2802700565045,2802700634337,2802700784337
183,PUT,load_put_178_workload_longline.txt,6401,2,0,2802696389753,2802696655503,2802737784549
188,GET,workload_medium.txt,30720,8,185,2802700577128,2802700653837,2802737983383
181,PUT,load_put_176_workload_medium.txt,30720,8,0,2802696192586,2802696329711,2802738103091
192,GET,workload_longline.txt,6401,2,0,2802738092299,2802738110383,2802738272174
164,GET,workload_large.txt,153637,38,1214,2802652174122,2802652272581,2802742137633
190,PUT,load_put_185_workload_longline.txt,6401,2,0,2802700897878,2802700974170,2802743124300
189,PUT,load_put_183_workload_medium.txt,30720,8,0,2802700579878,2802700667670,2802743508717
194,GET,workload_medium.txt,30720,8,185,2802738426508,2802738590341,2802743609717
197,PUT,load_put_192_workload_small.txt,1083,1,0,2802743572592,2802743633675,2802743815550
184,PUT,load_put_179_workload_large.txt,153637,38,0,2802698210628,2802700110378,2802780218721
191,PUT,load_put_186_workload_medium.txt,30720,8,0,2802738083049,2802738103549,2802780221554
193,PUT,load_put_188_workload_medium.txt,30720,8,0,2802738162966,2802738293174,2802780230304
186,PUT,load_put_181_workload_large.txt,153637,38,0,2802700471795,2802700520878,2802780638263
202,GET,workload_longline.txt,6401,2,0,2802780362971,2802780433929,2802780684804
203,PUT,load_put_198_workload_small.txt,1083,1,0,2802780711179,2802780826263,2802781050096
195,PUT,load_put_190_workload_medium.txt,30720,8,0,2802742174550,2802742222800,2802784262430
206,GET,workload_small.txt,1083,1,0,2802784400180,2802784476263,2802784522596
198,PUT,load_put_193_workload_medium.txt,30720,8,0,2802743716592,2802743883508,2802784606638
208,GET,workload_medium.txt,30720,8,185,2802784667055,2802784797847,2802785759597
196,GET,workload_large.txt,153637,38,1214,2802743217592,2802743262050,2802786173513
199,GET,workload_large.txt,153637,38,1214,2802743897967,2802744185550,2802786930888
211,GET,workload_longline.txt,6401,2,0,2802787087847,2802787207013,2802787424514
212,PUT,load_put_207_workload_small.txt,1083,1,0,2802787516514,2802787631805,2802787740055
213,PUT,load_put_208_workload_small.txt,1083,1,0,2802787894180,2802787998805,2802788171764
201,GET,workload_large.txt,153637,38,1214,2802780327471,2802780353221,2802788447264
215,PUT,load_put_210_workload_small.txt,1083,1,0,2802788588014,2802788751139,2802788798680
204,GET,workload_large.txt,153637,38,1214,2802780715013,2802781050888,2802788847972
216,GET,workload_longline.txt,6401,2,0,2802788865889,2802788909805,2802789120014
207,PUT,load_put_202_workload_large.txt,153637,38,0,2802784580555,2802784649888,2802821355059
200,PUT,load_put_195_workload_medium.txt,30720,8,0,2802780284554,2802780331804,2802821425726
205,PUT,load_put_200_workload_longline.txt,6401,2,0,2802781160471,2802781317013,2802822061934
221,GET,workload_longline.txt,6401,2,0,2802822155601,2802822263976,2802822448851
220,GET,workload_medium.txt,30720,8,185,2802821494976,2802821719059,2802822998934
209,GET,workload_large.txt,153637,38,1214,2802785792305,2802785865722,2802823152393
210,PUT,load_put_205_workload_longline.txt,6401,2,0,2802786217138,2802786259097,2802827087643
222,GET,workload_medium.txt,30720,8,185,2802822505434,2802822605226,2802827224435
226,GET,workload_medium.txt,30720,8,185,2802827325227,2802827418393,2802828517810
214,PUT,load_put_209_workload_large.txt,153637,38,0,2802788288139,2802788492514,2802828782852
217,PUT,load_put_212_workload_large.txt,153637,38,0,2802788936472,2802789120847,2802829604144
218,PUT,load_put_213_workload_longline.txt,6401,2,0,2802789193514,2802789303014,2802831075727
230,PUT,load_put_225_workload_small.txt,1083,1,0,2802831115019,2802831203394,2802831295935
231,GET,workload_small.txt,1083,1,0,2802831415477,2802831545560,2802831590060
232,GET,workload_medium.txt,30720,8,185,2802831648810,2802831779977,2802833192769
233,GET,workload_longline.txt,6401,2,0,2802833287436,2802833408477,2802833590394
223,GET,workload_large.txt,153637,38,1214,2802823092059,2802823162893,2802834126602
235,GET,workload_small.txt,1083,1,0,2802834282769,2802834346936,2802834393436
236,PUT,load_put_231_workload_small.txt,1083,1,0,2802834433894,2802834504936,2802834632936
225,GET,workload_large.txt,153637,38,1214,2802827132393,2802827224768,2802834719936
237,GET,workload_medium.txt,30720,8,185,2802834744936,2802834803811,2802835964311
238,GET,workload_medium.txt,30720,8,185,2802834747977,2802834890852,2802835996269
219,PUT,load_put_214_workload_longline.txt,6401,2,0,2802821440476,2802821497143,2802863268523
227,GET,workload_large.txt,153637,38,1214,2802828589935,2802828678018,2802863313189
228,PUT,load_put_223_workload_large.txt,153637,38,0,2802828890185,2802829101393,2802863387648
224,PUT,load_put_219_workload_medium.txt,30720,8,0,2802823267268,2802823373976,2802864358398
243,GET,workload_medium.txt,30720,8,185,2802863497148,2802863623856,2802864396523
244,GET,workload_small.txt,1083,1,0,2802864441523,2802864494523,2802864548231
245,GET,workload_small.txt,1083,1,0,2802864444814,2802864506564,2802864581023
234,PUT,load_put_229_workload_large.txt,153637,38,0,2802833671977,2802833813102,2802864771148
246,GET,workload_medium.txt,30720,8,185,2802864625023,2802864638314,2802865614481
249,GET,workload_small.txt,1083,1,0,2802865694814,2802865757981,2802865790314
240,PUT,load_put_235_workload_large.txt,153637,38,0,2802836142686,2802836287978,2802866613690
251,GET,workload_small.txt,1083,1,0,2802866719065,2802866810523,2802866845773
229,PUT,load_put_224_workload_longline.txt,6401,2,0,2802829659102,2802829802394,2802870092857
242,PUT,load_put_237_workload_large.txt,153637,38,0,2802863373564,2802863517773,2802870108440
241,GET,workload_large.txt,153637,38,1214,2802863369648,2802863410731,2802871511649
253,GET,workload_medium.txt,30720,8,185,2802870145023,2802870220107,2802871670482
254,GET,workload_medium.txt,30720,8,185,2802870186857,2802870340898,2802871728899
255,GET,workload_longline.txt,6401,2,0,2802871560274,2802871680815,2802871826899
256,GET,workload_small.txt,1083,1,0,2802871712524,2802871827315,2802871870524
239,PUT,load_put_234_workload_longline.txt,6401,2,0,2802836071061,2802836129978,2802878107024
258,GET,workload_longline.txt,6401,2,0,2802871927065,2802872189857,2802878203941
261,GET,workload_small.txt,1083,1,0,2802878274191,2802878390399,2802878439774
262,GET,workload_longline.txt,6401,2,0,2802878526649,2802878648441,2802878828316
263,PUT,load_put_258_workload_small.txt,1083,1,0,2802878899316,2802879066524,2802879157858
259,GET,workload_medium.txt,30720,8,185,2802871930982,2802872201524,2802879293316
247,GET,workload_large.txt,153637,38,1214,2802864628814,2802864658564,2802879409941
266,PUT,load_put_261_workload_small.txt,1083,1,0,2802879456358,2802879721983,2802879915358
248,PUT,load_put_243_workload_longline.txt,6401,2,0,2802864816106,2802864842523,2802905033694
260,GET,workload_medium.txt,30720,8,185,2802878189191,2802878285691,2802905062777
267,PUT,load_put_262_workload_small.txt,1083,1,0,2802879976275,2802905076486,2802905103402
269,PUT,load_put_264_workload_small.txt,1083,1,0,2802905133111,2802905208486,2802905314153
271,GET,workload_small.txt,1083,1,0,2802905394153,2802905649361,2802905688903
252,PUT,load_put_247_workload_longline.txt,6401,2,0,2802866900815,2802867043856,2802908080445
273,GET,workload_small.txt,1083,1,0,2802908217028,2802908376653,2802908428861
250,PUT,load_put_245_workload_large.txt,153637,38,0,2802865864398,2802865952231,2802912114278
275,GET,workload_small.txt,1083,1,0,2802912210153,2802920045863,2802920097529
257,PUT,load_put_252_workload_medium.txt,30720,8,0,2802871809690,2802871928190,2802947332366
264,PUT,load_put_259_workload_medium.txt,30720,8,0,2802879264149,2802879418816,2802947501283
277,GET,workload_longline.txt,6401,2,0,2802947394783,2802947422074,2802947567033
279,PUT,load_put_274_workload_small.txt,1083,1,0,2802947639241,2802947789033,2802947887366
278,GET,workload_longline.txt,6401,2,0,2802947629949,2802947774533,2802948060074
270,PUT,load_put_265_workload_medium.txt,30720,8,0,2802905208736,2802905366986,2802948078449
280,GET,workload_longline.txt,6401,2,0,2802947984783,2802948157991,2802948444949
274,PUT,load_put_269_workload_longline.txt,6401,2,0,2802908518861,2802912120403,2802953063367
284,GET,workload_longline.txt,6401,2,0,2802953149200,2802953258158,2802953394367
285,GET,workload_small.txt,1083,1,0,2802953453450,2802953514575,2802953552617
272,PUT,load_put_267_workload_medium.txt,30720,8,0,2802905780486,2802908141986,2802953667367
287,PUT,load_put_282_workload_small.txt,1083,1,0,2802953784700,2802953869158,2802953966033
276,PUT,load_put_271_workload_longline.txt,6401,2,0,2802920219738,2802920262696,2802961060326
265,PUT,load_put_260_workload_large.txt,153637,38,0,2802879453774,2802879630899,2802962140201
289,GET,workload_medium.txt,30720,8,185,2802961171909,2802961304618,2802962166243
291,GET,workload_small.txt,1083,1,0,2802962214743,2802962286743,2802962321159
268,GET,workload_large.txt,153637,38,1214,2802905079361,2802905119402,2802989149079
292,GET,workload_small.txt,1083,1,0,2802962367618,2802989163454,2802989211996
281,PUT,load_put_276_workload_longline.txt,6401,2,0,2802948123658,2802948189699,2802990098038
295,PUT,load_put_290_workload_small.txt,1083,1,0,2802990179454,2802990264704,2802990324579
282,PUT,load_put_277_workload_medium.txt,30720,8,0,2802948125949,2802948241908,2802990352538
293,GET,workload_medium.txt,30720,8,185,2802989188121,2802989229121,2803004100164
298,GET,workload_small.txt,1083,1,0,2803004182748,2803004207456,2803004250081
299,GET,workload_small.txt,1083,1,0,2803004337748,2803004353206,2803004394664
286,PUT,load_put_281_workload_medium.txt,30720,8,0,2802953617867,2802953721533,2803004410539
290,PUT,load_put_285_workload_medium.txt,30720,8,0,2802962211451,2802962230451,2803004420289
302,GET,workload_longline.txt,6401,2,0,2803004490664,2803004620706,2803004827623
283,PUT,load_put_278_workload_large.txt,153637,38,0,2802948522824,2802953115700,2803004884164
288,PUT,load_put_283_workload_large.txt,153637,38,0,2802954187742,2802961130326,2803005871164
305,GET,workload_medium.txt,30720,8,185,2803005932414,2803006072664,2803007144081
294,PUT,load_put_289_workload_longline.txt,6401,2,0,2802989283912,2802989351913,2803030059584
296,PUT,load_put_291_workload_longline.txt,6401,2,0,2802990412746,2802990476454,2803032103126
297,PUT,load_put_292_workload_longline.txt,6401,2,0,2802990427038,2802990538579,2803032123834
301,PUT,load_put_296_workload_large.txt,153637,38,0,2803004487664,2803004538414,2803032207084
300,GET,workload_large.txt,153637,38,1214,2803004442914,2803004449289,2803032258168
304,PUT,load_put_299_workload_large.txt,153637,38,0,2803004961414,2803005110956,2803032267001
303,GET,workload_large.txt,153637,38,1214,2803004867664,2803004924956,2803032586459
311,GET,workload_longline.txt,6401,2,0,2803032450334,2803032515793,2803032587668
312,GET,workload_longline.txt,6401,2,0,2803032564918,2803032639209,2803032737626
314,GET,workload_longline.txt,6401,2,0,2803032668793,2803032738126,2803032826876
313,GET,workload_longline.txt,6401,2,0,2803032660668,2803032693418,2803032830793
317,PUT,load_put_312_workload_small.txt,1083,1,0,2803032928376,2803033104418,2803033238876
306,PUT,load_put_301_workload_medium.txt,30720,8,0,2803007186790,2803007253623,2803050419836
318,GET,workload_medium.txt,30720,8,185,2803033317959,2803049230211,2803050622086
307,GET,workload_large.txt,153637,38,1214,2803030190834,2803030280709,2803074231881
315,PUT,load_put_310_workload_medium.txt,30720,8,0,2803032777168,2803032831376,2803074303673
316,PUT,load_put_311_workload_medium.txt,30720,8,0,2803032926043,2803033057709,2803074353631
308,PUT,load_put_303_workload_medium.txt,30720,8,0,2803032441626,2803032447918,2803074362923
323,PUT,load_put_318_workload_small.txt,1083,1,0,2803074982089,2803075081173,2803075164464
325,GET,workload_longline.txt,6401,2,0,2803075333506,2803075398631,2803075624006
322,GET,workload_medium.txt,30720,8,185,2803074794214,2803074812256,2803075688423
309,GET,workload_large.txt,153637,38,1214,2803032444709,2803032468209,2803075985006
326,GET,workload_longline.txt,6401,2,0,2803075668256,2803075802506,2803076084006
310,GET,workload_large.txt,153637,38,1214,2803032447209,2803032506543,2803076177048
328,GET,workload_small.txt,1083,1,0,2803076086089,2803076177464,2803076214381
330,GET,workload_small.txt,1083,1,0,2803076237381,2803076389298,2803076478340
319,PUT,load_put_314_workload_longline.txt,6401,2,0,2803050492586,2803050622545,2803091059550
332,PUT,load_put_327_workload_small.txt,1083,1,0,2803076558381,2803091126466,2803091172341
320,PUT,load_put_315_workload_medium.txt,30720,8,0,2803050740170,2803073148297,2803116176303
321,PUT,load_put_316_workload_large.txt,153637,38,0,2803074395798,2803074400089,2803116545761
324,PUT,load_put_319_workload_medium.txt,30720,8,0,2803075220798,2803075262006,2803116570094
329,PUT,load_put_324_workload_medium.txt,30720,8,0,2803076129173,2803076224464,2803133578346
333,PUT,load_put_328_workload_medium.txt,30720,8,0,2803091161300,2803091264258,2803133588471
339,GET,workload_small.txt,1083,1,0,2803133661263,2803133801055,2803133844638
338,GET,workload_longline.txt,6401,2,0,2803133657846,2803133785846,2803134036763
337,PUT,load_put_332_workload_longline.txt,6401,2,0,2803116648303,2803116794011,2803158088474
335,PUT,load_put_330_workload_medium.txt,30720,8,0,2803116241761,2803116283219,2803158398558
336,PUT,load_put_331_workload_medium.txt,30720,8,0,2803116645636,2803116758469,2803158440724
327,GET,workload_large.txt,153637,38,1214,2803075737631,2803075827006,2803158709433
343,GET,workload_longline.txt,6401,2,0,2803158666266,2803158733808,2803158952266
341,PUT,load_put_336_workload_longline.txt,6401,2,0,2803134144055,2803134340555,2803175101060
346,GET,workload_longline.txt,6401,2,0,2803159085349,2803175136018,2803175275935
331,GET,workload_large.txt,153637,38,1214,2803076240631,2803076479090,2803175320226
347,GET,workload_longline.txt,6401,2,0,2803175158476,2803175240976,2803175359518
348,PUT,load_put_343_workload_small.txt,1083,1,0,2803175319560,2803175360101,2803175448560
342,PUT,load_put_337_workload_longline.txt,6401,2,0,2803158662683,2803158709933,2803200493229
340,PUT,load_put_335_workload_medium.txt,30720,8,0,2803133904096,2803134069013,2803200506521
334,GET,workload_large.txt,153637,38,1214,2803091291550,2803091395383,2803200561979
344,PUT,load_put_339_workload_medium.txt,30720,8,0,2803158668308,2803158745266,2803200637729
351,PUT,load_put_346_workload_large.txt,153637,38,0,2803175562643,2803175599976,2803200788604
355,GET,workload_small.txt,1083,1,0,2803200840104,2803200987979,2803201134896
349,PUT,load_put_344_workload_longline.txt,6401,2,0,2803175394851,2803175449435,2803216711023
357,GET,workload_longline.txt,6401,2,0,2803201185354,2803216790606,2803216958648
350,PUT,load_put_345_workload_longline.txt,6401,2,0,2803175398726,2803175490018,2803217105231
358,GET,workload_longline.txt,6401,2,0,2803216814398,2803216959065,2803217130023
360,GET,workload_small.txt,1083,1,0,2803217162606,2803217198690,2803217235856
361,GET,workload_longline.txt,6401,2,0,2803217178856,2803217236481,2803217449565
345,GET,workload_large.txt,153637,38,1214,2803158725974,2803158805641,2803220716273
352,GET,workload_large.txt,153637,38,1214,2803200825646,2803200837604,2803222146857
356,GET,workload_large.txt,153637,38,1214,2803200917063,2803201079146,2803222272524
365,PUT,load_put_360_workload_small.txt,1083,1,0,2803222252149,2803222294899,2803222367857
366,GET,workload_small.txt,1083,1,0,2803222309107,2803222469024,2803222505649
368,GET,workload_small.txt,1083,1,0,2803222589649,2803222718024,2803222767857
362,PUT,load_put_357_workload_large.txt,153637,38,0,2803217323731,2803217449981,2803222823065
363,PUT,load_put_358_workload_large.txt,153637,38,0,2803217542773,2803217698023,2803222851774
369,PUT,load_put_364_workload_small.txt,1083,1,0,2803222858857,2803222867607,2803222944899
371,GET,workload_longline.txt,6401,2,0,2803222927190,2803223143274,2803223264274
372,GET,workload_longline.txt,6401,2,0,2803223102107,2803223176815,2803223348815
374,GET,workload_longline.txt,6401,2,0,2803223440649,2803223533982,2803223688690
354,PUT,load_put_349_workload_longline.txt,6401,2,0,2803200836313,2803200904188,2803241063942
353,PUT,load_put_348_workload_longline.txt,6401,2,0,2803200834021,2803200854354,2803241073984
373,GET,workload_medium.txt,30720,8,185,2803223326315,2803223399190,2803241265484
376,GET,workload_small.txt,1083,1,0,2803241226901,2803241247901,2803241301859
378,PUT,load_put_373_workload_small.txt,1083,1,0,2803241341817,2803241350776,2803241420984
380,GET,workload_longline.txt,6401,2,0,2803241592901,2803241612109,2803241697151
364,PUT,load_put_359_workload_large.txt,153637,38,0,2803220787648,2803220920398,2803241731609
381,GET,workload_small.txt,1083,1,0,2803241803859,2803241879818,2803241961859
383,PUT,load_put_378_workload_small.txt,1083,1,0,2803241994609,2803242080651,2803242170109
367,PUT,load_put_362_workload_large.txt,153637,38,0,2803222518940,2803222631899,2803242920651
370,GET,workload_large.txt,153637,38,1214,2803222924190,2803222955357,2803244103276
386,GET,workload_small.txt,1083,1,0,2803244132943,2803244165318,2803244211984
379,PUT,load_put_374_workload_large.txt,153637,38,0,2803241394026,2803241447526,2803245116818
387,GET,workload_medium.txt,30720,8,185,2803244256776,2803244330776,2803245268568
389,GET,workload_longline.txt,6401,2,0,2803245332401,2803245409651,2803245547610
377,GET,workload_large.txt,153637,38,1214,2803241229859,2803241265984,2803245659943
390,PUT,load_put_385_workload_small.txt,1083,1,0,2803245595693,2803245675443,2803245712235
391,PUT,load_put_386_workload_small.txt,1083,1,0,2803245730235,2803245796901,2803245883860
392,GET,workload_small.txt,1083,1,0,2803245759276,2803245884485,2803245918526
388,GET,workload_medium.txt,30720,8,185,2803245197026,2803245269110,2803246285985
382,GET,workload_large.txt,153637,38,1214,2803241890401,2803241960734,2803246442818
359,PUT,load_put_354_workload_longline.txt,6401,2,0,2803217076898,2803217139981,2803258043611
375,PUT,load_put_370_workload_longline.txt,6401,2,0,2803223774815,2803223852190,2803264058112
384,GET,workload_large.txt,153637,38,1214,2803242213693,2803242269068,2803288569406
394,PUT,load_put_389_workload_medium.txt,30720,8,0,2803246062985,2803246131151,2803288789823
395,PUT,load_put_390_workload_medium.txt,30720,8,0,2803246315651,2803246387485,2803288822490
400,PUT,load_put_395_workload_small.txt,1083,1,0,2803288857323,2803288901406,2803289039031
402,GET,workload_small.txt,1083,1,0,2803289148573,2803289421490,2803289469032
385,GET,workload_large.txt,153637,38,1214,2803242970984,2803243086818,2803299096408
404,GET,workload_longline.txt,6401,2,0,2803299134741,2803299153033,2803299257324
396,PUT,load_put_391_workload_medium.txt,30720,8,0,2803246519485,2803258117736,2803299358699
397,PUT,load_put_392_workload_medium.txt,30720,8,0,2803258088361,2803258286736,2803299399116
405,GET,workload_longline.txt,6401,2,0,2803299326199,2803299387949,2803299512741
407,PUT,load_put_402_workload_small.txt,1083,1,0,2803299471241,2803299525449,2803299609033
409,GET,workload_medium.txt,30720,8,185,2803299691241,2803299786783,2803300886116
393,PUT,load_put_388_workload_large.txt,153637,38,0,2803246060610,2803246109026,2803330722703
401,PUT,load_put_396_workload_medium.txt,30720,8,0,2803288967865,2803289127823,2803330834411
399,PUT,load_put_394_workload_medium.txt,30720,8,0,2803288613198,2803288654281,2803330898995
398,GET,workload_large.txt,153637,38,1214,2803264137278,2803288479781,2803331685870
403,PUT,load_put_398_workload_large.txt,153637,38,0,2803289556198,2803299096908,2803331713912
414,GET,workload_small.txt,1083,1,0,2803331750412,2803331790620,2803331841828
415,PUT,load_put_410_workload_small.txt,1083,1,0,2803331891995,2803331931412,2803332041828
416,GET,workload_small.txt,1083,1,0,2803332102078,2803332125620,2803332190245
417,GET,workload_small.txt,1083,1,0,2803332267745,2803332284203,2803332337912
408,GET,workload_large.txt,153637,38,1214,2803299579824,2803299633866,2803332532037
419,GET,workload_small.txt,1083,1,0,2803332559245,2803332582578,2803332634745
420,PUT,load_put_415_workload_small.txt,1083,1,0,2803332576828,2803332641328,2803332712745
421,GET,workload_longline.txt,6401,2,0,2803332681953,2803332719662,2803332802078
418,GET,workload_medium.txt,30720,8,185,2803332366495,2803332387245,2803333061828
411,PUT,load_put_406_workload_large.txt,153637,38,0,2803330817828,2803330834870,2803333079245
424,GET,workload_longline.txt,6401,2,0,2803333131370,2803333184203,2803333376162
425,GET,workload_longline.txt,6401,2,0,2803333134412,2803333200662,2803333438037
412,PUT,load_put_407_workload_large.txt,153637,38,0,2803330936953,2803330962911,2803334037953
422,GET,workload_medium.txt,30720,8,185,2803332769412,2803332816203,2803334162912
429,GET,workload_longline.txt,6401,2,0,2803334194245,2803334335829,2803334537662
430,PUT,load_put_425_workload_small.txt,1083,1,0,2803334611579,2803334710954,2803334785704
431,GET,workload_small.txt,1083,1,0,2803334940495,2803335126454,2803335167412
427,GET,workload_medium.txt,30720,8,185,2803333551078,2803333773703,2803335298787
406,PUT,load_put_401_workload_longline.txt,6401,2,0,2803299420283,2803299498408,2803341077746
428,GET,workload_medium.txt,30720,8,185,2803334112703,2803334250745,2803341219413
435,GET,workload_longline.txt,6401,2,0,2803341255371,2803341506163,2803342204496
413,GET,workload_large.txt,153637,38,1214,2803331284828,2803331337411,2803374219333
437,GET,workload_small.txt,1083,1,0,2803374257500,2803374298500,2803374345000
410,PUT,load_put_405_workload_medium.txt,30720,8,0,2803300977533,2803301105658,2803374418667
438,GET,workload_small.txt,1083,1,0,2803374454500,2803374485417,2803374524667
423,PUT,load_put_418_workload_medium.txt,30720,8,0,2803332836120,2803332899245,2803374752083
440,GET,workload_longline.txt,6401,2,0,2803374552833,2803374649625,2803374801583
441,PUT,load_put_436_workload_small.txt,1083,1,0,2803374829667,2803374897583,2803375080333
439,GET,workload_medium.txt,30720,8,185,2803374464083,2803374525083,2803376450292
444,GET,workload_small.txt,1083,1,0,2803376533709,2803376601959,2803376646709
432,PUT,load_put_427_workload_medium.txt,30720,8,0,2803335249412,2803335343912,2803376980459
443,GET,workload_medium.txt,30720,8,185,2803375177000,2803375418083,2803377099375
426,PUT,load_put_421_workload_large.txt,153637,38,0,2803333459537,2803333540953,2803378194584
447,GET,workload_medium.txt,30720,8,185,2803377135042,2803377277625,2803378585000
433,GET,workload_large.txt,153637,38,1214,2803335500745,2803341078496,2803379976834
449,GET,workload_medium.txt,30720,8,185,2803378707667,2803378855959,2803380149292
436,PUT,load_put_431_workload_longline.txt,6401,2,0,2803342260746,2803342366246,2803383094626
434,PUT,load_put_429_workload_longline.txt,6401,2,0,2803341153621,2803341278038,2803383124626
450,GET,workload_medium.txt,30720,8,185,2803380132334,2803380250084,2803383522709
446,PUT,load_put_441_workload_large.txt,153637,38,0,2803377131875,2803377221625,2803384086084
454,PUT,load_put_449_workload_small.txt,1083,1,0,2803383806084,2803383921918,2803384098334
445,GET,workload_large.txt,153637,38,1214,2803376739667,2803376817125,2803384496418
457,PUT,load_put_452_workload_small.txt,1083,1,0,2803384587084,2803384757001,2803384881501
458,GET,workload_small.txt,1083,1,0,2803384994460,2803385141043,2803385181168
459,PUT,load_put_454_workload_small.txt,1083,1,0,2803385246293,2803385360793,2803385499918
456,GET,workload_medium.txt,30720,8,185,2803384172543,2803384226334,2803385915710
442,PUT,load_put_437_workload_longline.txt,6401,2,0,2803374894667,2803375159458,2803416117963
455,PUT,load_put_450_workload_longline.txt,6401,2,0,2803384169251,2803384200834,2803425098798
448,GET,workload_large.txt,153637,38,1214,2803378285792,2803378428125,2803425262798
451,PUT,load_put_446_workload_medium.txt,30720,8,0,2803380215876,2803380378251,2803427233923
463,GET,workload_medium.txt,30720,8,185,2803425175839,2803425268798,2803427684923
460,PUT,load_put_455_workload_medium.txt,30720,8,0,2803385590793,2803385812126,2803427812465
467,PUT,load_put_462_workload_small.txt,1083,1,0,2803427918715,2803428061965,2803428183215
468,GET,workload_longline.txt,6401,2,0,2803428315548,2803457106176,2803457230135
462,PUT,load_put_457_workload_medium.txt,30720,8,0,2803416211838,2803416362380,2803457354010
461,PUT,load_put_456_workload_medium.txt,30720,8,0,2803386100793,2803416179297,2803457369426
453,PUT,load_put_448_workload_large.txt,153637,38,0,2803383804084,2803383826334,2803457546968
452,GET,workload_large.txt,153637,38,1214,2803383801501,2803383824168,2803457715468
464,PUT,load_put_459_workload_medium.txt,30720,8,0,2803425358048,2803425456339,2803466762178
472,GET,workload_medium.txt,30720,8,185,2803457704593,2803457778427,2803466782136
469,PUT,load_put_464_workload_longline.txt,6401,2,0,2803457681802,2803457716093,2803498082640
466,PUT,load_put_461_workload_medium.txt,30720,8,0,2803427760715,2803427865840,2803498525806
477,GET,workload_small.txt,1083,1,0,2803498600306,2803498643098,2803498696931
471,PUT,load_put_466_workload_longline.txt,6401,2,0,2803457686427,2803457774218,2803499094348
465,GET,workload_large.txt,153637,38,1214,2803427361215,2803427428798,2803499153056
479,GET,workload_small.txt,1083,1,0,2803499141723,2803499190306,2803499221723
481,PUT,load_put_476_workload_small.txt,1083,1,0,2803499259931,2803499314765,2803499356265
474,PUT,load_put_469_workload_medium.txt,30720,8,0,2803466812053,2803466851761,2803508285724
475,PUT,load_put_470_workload_medium.txt,30720,8,0,2803466912511,2803467045219,2803508315058
470,PUT,load_put_465_workload_large.txt,153637,38,0,2803457684385,2803457725135,2803508583641
473,PUT,load_put_468_workload_large.txt,153637,38,0,2803457787885,2803457972510,2803508651141
486,GET,workload_small.txt,1083,1,0,2803508676891,2803508721724,2803508756516
485,GET,workload_longline.txt,6401,2,0,2803508647058,2803508670808,2803508789933
487,PUT,load_put_482_workload_small.txt,1083,1,0,2803508841599,2803508895099,2803508969183
488,GET,workload_longline.txt,6401,2,0,2803508844599,2803508896308,2803509036683
476,PUT,load_put_471_workload_large.txt,153637,38,0,2803498175973,2803498212556,2803509086141
490,GET,workload_small.txt,1083,1,0,2803509111683,2803509169308,2803509237891
483,PUT,load_put_478_workload_large.txt,153637,38,0,2803508339683,2803508411433,2803511790600
480,GET,workload_large.txt,153637,38,1214,2803499204806,2803499235306,2803511872475
484,PUT,load_put_479_workload_large.txt,153637,38,0,2803508349516,2803508426474,2803511891058
489,PUT,load_put_484_workload_longline.txt,6401,2,0,2803509101058,2803509107516,2803552147188
478,PUT,load_put_473_workload_medium.txt,30720,8,0,2803498746390,2803498818056,2803553442521
482,PUT,load_put_477_workload_medium.txt,30720,8,0,2803499442015,2803499477765,2803553453605
494,PUT,load_put_489_workload_longline.txt,6401,2,0,2803511905391,2803512110516,2803554130480
493,PUT,load_put_488_workload_medium.txt,30720,8,0,2803511874183,2803511986683,2803554142480
495,PUT,load_put_490_workload_medium.txt,30720,8,0,2803511965808,2803512315600,2803554341146
499,GET,workload_longline.txt,6401,2,0,2803554255521,2803554284771,2803554365105
500,GET,workload_small.txt,1083,1,0,2803554418730,2803554442396,2803554485813
491,GET,workload_large.txt,153637,38,1214,2803509133766,2803509192308,2803554535105
492,GET,workload_large.txt,153637,38,1214,2803509266474,2803509313558,2803554557188
505,PUT,load_put_500_workload_small.txt,1083,1,0,2803554801730,2803554841896,2803555141271
506,PUT,load_put_501_workload_small.txt,1083,1,0,2803555189230,2803555205146,2803555376313
501,PUT,load_put_496_workload_large.txt,153637,38,0,2803554421188,2803554452146,2803556456313
497,GET,workload_large.txt,153637,38,1214,2803553491896,2803553561563,2803556726688
498,GET,workload_large.txt,153637,38,1214,2803553495063,2803553637771,2803556855272
509,PUT,load_put_504_workload_small.txt,1083,1,0,2803556901355,2803556931522,2803557166938
511,GET,workload_longline.txt,6401,2,0,2803557234730,2803557345647,2803557493063
502,PUT,load_put_497_workload_large.txt,153637,38,0,2803554647396,2803554653063,2803557774480
512,GET,workload_longline.txt,6401,2,0,2803557576980,2803557653772,2803557821522
513,GET,workload_small.txt,1083,1,0,2803557872397,2803557961688,2803558023480
510,GET,workload_medium.txt,30720,8,185,2803556961772,2803557221022,2803558362730
504,PUT,load_put_499_workload_large.txt,153637,38,0,2803554798938,2803554825688,2803558652730
514,GET,workload_medium.txt,30720,8,185,2803557875522,2803558023897,2803559459189
507,GET,workload_large.txt,153637,38,1214,2803555438688,2803555455855,2803560867105
518,GET,workload_medium.txt,30720,8,185,2803559509897,2803559601064,2803560944314
520,PUT,load_put_515_workload_small.txt,1083,1,0,2803560995772,2803561211980,2803561340730
496,PUT,load_put_491_workload_longline.txt,6401,2,0,2803552305479,2803552386313,2803593061151
522,GET,workload_small.txt,1083,1,0,2803593230901,2803593379693,2803593422359
523,GET,workload_small.txt,1083,1,0,2803593487026,2803593615734,2803593683484
519,GET,workload_medium.txt,30720,8,185,2803560970647,2803561109230,2803593829193
525,PUT,load_put_520_workload_small.txt,1083,1,0,2803593879109,2803594071109,2803594119151
526,PUT,load_put_521_workload_small.txt,1083,1,0,2803594209026,2803594358151,2803594475901
503,PUT,load_put_498_workload_longline.txt,6401,2,0,2803554651313,2803554663396,2803596112235
528,GET,workload_small.txt,1083,1,0,2803596178360,2803596215193,2803596263026
515,GET,workload_large.txt,153637,38,1214,2803558157022,2803558274480,2803596449360
529,GET,workload_longline.txt,6401,2,0,2803596307568,2803596372735,2803596509318
517,PUT,load_put_512_workload_large.txt,153637,38,0,2803558776064,2803558905897,2803596634901
516,GET,workload_large.txt,153637,38,1214,2803558416647,2803558536272,2803596652235
532,GET,workload_small.txt,1083,1,0,2803596710693,2803596726485,2803596784026
533,PUT,load_put_528_workload_small.txt,1083,1,0,2803596713485,2803596784568,2803596817735
535,PUT,load_put_530_workload_small.txt,1083,1,0,2803596856735,2803596910068,2803596994735
534,GET,workload_longline.txt,6401,2,0,2803596818735,2803596907568,2803597184485
536,PUT,load_put_531_workload_small.txt,1083,1,0,2803597128610,2803597176568,2803597209818
530,GET,workload_medium.txt,30720,8,185,2803596490568,2803596530235,2803597398526
508,PUT,load_put_503_workload_longline.txt,6401,2,0,2803556525230,2803556582188,2803598119818
540,GET,workload_longline.txt,6401,2,0,2803598163652,2803598236693,2803598349443
541,PUT,load_put_536_workload_small.txt,1083,1,0,2803598424443,2803598482360,2803598583652
521,PUT,load_put_516_workload_longline.txt,6401,2,0,2803561482439,2803561626189,2803602085360
524,GET,workload_large.txt,153637,38,1214,2803593786901,2803593870776,2803602512819
527,PUT,load_put_522_workload_large.txt,153637,38,0,2803594598484,2803594709401,2803602563402
544,PUT,load_put_539_workload_small.txt,1083,1,0,2803602628235,2803602662944,2803602811527
538,PUT,load_put_533_workload_longline.txt,6401,2,0,2803597285818,2803597350360,2803638725615
547,GET,workload_small.txt,1083,1,0,2803638796031,2803638812740,2803638855323
537,PUT,load_put_532_workload_medium.txt,30720,8,0,2803597282693,2803597330651,2803638892781
531,PUT,load_put_526_workload_large.txt,153637,38,0,2803596583651,2803596635318,2803639362615
550,GET,workload_small.txt,1083,1,0,2803639454656,2803639537073,2803639583948
546,PUT,load_put_541_workload_small.txt,1083,1,0,2803602897569,2803638727656,2803639742198
542,PUT,load_put_537_workload_longline.txt,6401,2,0,2803598666277,2803598702860,2803640058698
539,PUT,load_put_534_workload_large.txt,153637,38,0,2803597478360,2803598131318,2803640192407
554,PUT,load_put_549_workload_small.txt,1083,1,0,2803640378907,2803640450115,2803640506323
555,PUT,load_put_550_workload_small.txt,1083,1,0,2803640561157,2803640658198,2803640717740
543,PUT,load_put_538_workload_large.txt,153637,38,0,2803602192985,2803602234610,2803641093532
553,GET,workload_medium.txt,30720,8,185,2803640117323,2803640170448,2803641165073
557,PUT,load_put_552_workload_small.txt,1083,1,0,2803641205782,2803641303990,2803641407573
558,GET,workload_medium.txt,30720,8,185,2803641209573,2803641408448,2803642997365
545,PUT,load_put_540_workload_longline.txt,6401,2,0,2803602630819,2803602812235,2803643134365
560,GET,workload_medium.txt,30720,8,185,2803643101240,2803643194449,2803644265074
561,GET,workload_medium.txt,30720,8,185,2803643191074,2803643275449,2803644297990
563,GET,workload_small.txt,1083,1,0,2803644332490,2803644400490,2803644462824
548,GET,workload_large.txt,153637,38,1214,2803638896948,2803638909615,2803644508615
562,GET,workload_longline.txt,6401,2,0,2803644329199,2803644388740,2803644535032
549,GET,workload_large.txt,153637,38,1214,2803638936698,2803638997198,2803644564532
565,GET,workload_small.txt,1083,1,0,2803644599490,2803644641324,2803644675407
567,GET,workload_longline.txt,6401,2,0,2803644656740,2803644725782,2803644869824
568,PUT,load_put_563_workload_small.txt,1083,1,0,2803644805157,2803644870324,2803644973449
551,GET,workload_large.txt,153637,38,1214,2803639721656,2803639754323,2803645340032
552,PUT,load_put_547_workload_longline.txt,6401,2,0,2803639798240,2803639858406,2803680830411
556,PUT,load_put_551_workload_longline.txt,6401,2,0,2803640760407,2803640811740,2803681160328
572,PUT,load_put_567_workload_small.txt,1083,1,0,2803680958411,2803681073203,2803681220078
574,GET,workload_small.txt,1083,1,0,2803681376745,2803681387703,2803681434370
575,GET,workload_longline.txt,6401,2,0,2803681460620,2803681519536,2803681644828
559,GET,workload_large.txt,153637,38,1214,2803641511282,2803641688865,2803681957995
564,PUT,load_put_559_workload_large.txt,153637,38,0,2803644516574,2803644565115,2803683266953
566,PUT,load_put_561_workload_large.txt,153637,38,0,2803644652990,2803644702865,2803683498620
571,PUT,load_put_566_workload_longline.txt,6401,2,0,2803645410907,2803645519657,2803687051912
570,PUT,load_put_565_workload_longline.txt,6401,2,0,2803645118199,2803645202407,2803687136870
569,PUT,load_put_564_workload_large.txt,153637,38,0,2803644901199,2803644973157,2803687488287
581,GET,workload_longline.txt,6401,2,0,2803687232662,2803687403287,2803687656620
582,PUT,load_put_577_workload_small.txt,1083,1,0,2803687574954,2803687710704,2803687854162
584,GET,workload_longline.txt,6401,2,0,2803687937412,2803688362746,2803688580121
585,PUT,load_put_580_workload_small.txt,1083,1,0,2803688657871,2803688778704,2803688931954
580,GET,workload_medium.txt,30720,8,185,2803687164870,2803687265245,2803689038329
587,GET,workload_medium.txt,30720,8,185,2803689122037,2803689319871,2803690540704
573,GET,workload_large.txt,153637,38,1214,2803681372411,2803681383661,2803690688996
588,GET,workload_small.txt,1083,1,0,2803690621246,2803690689454,2803690739913
589,GET,workload_longline.txt,6401,2,0,2803690774246,2803690805829,2803691128579
576,GET,workload_large.txt,153637,38,1214,2803681694078,2803681750536,2803691252163
591,GET,workload_small.txt,1083,1,0,2803691221788,2803691273454,2803691325038
583,PUT,load_put_578_workload_large.txt,153637,38,0,2803687795662,2803687984162,2803693416788
594,PUT,load_put_589_workload_small.txt,1083,1,0,2803693480746,2803693561455,2803693679663
577,PUT,load_put_572_workload_longline.txt,6401,2,0,2803682038286,2803682068203,2803723305375
586,PUT,load_put_581_workload_large.txt,153637,38,0,2803688986162,2803689107996,2803723344041
578,PUT,load_put_573_workload_longline.txt,6401,2,0,2803683417912,2803683499120,2803725067083
590,PUT,load_put_585_workload_large.txt,153637,38,0,2803690777121,2803690821746,2803725164375
598,PUT,load_put_593_workload_small.txt,1083,1,0,2803725195708,2803725253250,2803725340792
599,GET,workload_longline.txt,6401,2,0,2803725238917,2803725373667,2803725537750
592,GET,workload_large.txt,153637,38,1214,2803691462704,2803691507913,2803726365667
593,GET,workload_large.txt,153637,38,1214,2803691466038,2803691591829,2803726418167
603,PUT,load_put_598_workload_small.txt,1083,1,0,2803726465708,2803726630667,2803726754833
600,GET,workload_medium.txt,30720,8,185,2803725419542,2803725516792,2803726935334
579,PUT,load_put_574_workload_longline.txt,6401,2,0,2803683647787,2803687052620,2803728108209
604,GET,workload_small.txt,1083,1,0,2803726944917,2803728200250,2803728247500
606,GET,workload_medium.txt,30720,8,185,2803728235417,2803728396584,2803730202876
607,GET,workload_medium.txt,30720,8,185,2803728336959,2803728523917,2803730279709
609,PUT,load_put_604_workload_small.txt,1083,1,0,2803730403917,2803730580876,2803730725751
595,PUT,load_put_590_workload_longline.txt,6401,2,0,2803693781413,2803693859163,2803734074168
596,GET,workload_large.txt,153637,38,1214,2803723630875,2803723696625,2803735084376
597,GET,workload_large.txt,153637,38,1214,2803723633916,2803723768916,2803735115501
612,GET,workload_small.txt,1083,1,0,2803735127168,2803735174043,2803735212376
614,GET,workload_small.txt,1083,1,0,2803735294001,2803735407460,2803735443460
615,GET,workload_longline.txt,6401,2,0,2803735514335,2803735603918,2803735755710
616,PUT,load_put_611_workload_small.txt,1083,1,0,2803735826835,2803735933501,2803736077960
605,GET,workload_large.txt,153637,38,1214,2803727082917,2803728247959,2803737643876
618,GET,workload_longline.txt,6401,2,0,2803737704793,2803737805501,2803738092668
608,PUT,load_put_603_workload_large.txt,153637,38,0,2803730258876,2803730417959,2803739096835
611,PUT,load_put_606_workload_large.txt,153637,38,0,2803734191918,2803734290834,2803739866918
621,PUT,load_put_616_workload_small.txt,1083,1,0,2803739969043,2803740131502,2803740176002
613,GET,workload_large.txt,153637,38,1214,2803735198751,2803735270209,2803741160127
617,GET,workload_large.txt,153637,38,1214,2803736217918,2803736392043,2803742419335
624,PUT,load_put_619_workload_small.txt,1083,1,0,2803742505169,2803742620502,2803742669169
619,PUT,load_put_614_workload_large.txt,153637,38,0,2803738173960,2803738236127,2803744086086
620,GET,workload_large.txt,153637,38,1214,2803739191502,2803739308752,2803745532461
627,GET,workload_longline.txt,6401,2,0,2803745623586,2803745766169,2803745964836
622,GET,workload_large.txt,153637,38,1214,2803740320043,2803740454543,2803746691419
602,PUT,load_put_597_workload_longline.txt,6401,2,0,2803726456333,2803726592417,2803768216255
601,PUT,load_put_596_workload_longline.txt,6401,2,0,2803725592083,2803725668750,2803768231422
623,PUT,load_put_618_workload_large.txt,153637,38,0,2803741233085,2803741364419,2803768387797
628,GET,workload_medium.txt,30720,8,185,2803746087502,2803746218086,2803768423963
632,GET,workload_longline.txt,6401,2,0,2803768459505,2803768529588,2803768704672
631,GET,workload_medium.txt,30720,8,185,2803768340047,2803768424505,2803769547922
625,GET,workload_large.txt,153637,38,1214,2803742782919,2803742910502,2803769902255
636,PUT,load_put_631_workload_small.txt,1083,1,0,2803769948672,2803770085964,2803770152880
626,GET,workload_large.txt,153637,38,1214,2803744167669,2803744275461,2803771560422
638,GET,workload_longline.txt,6401,2,0,2803771676922,2803771836506,2803772106797
639,GET,workload_longline.txt,6401,2,0,2803772177964,2803772309214,2803772542006
610,PUT,load_put_605_workload_longline.txt,6401,2,0,2803730821584,2803731046501,2803773090464
640,GET,workload_medium.txt,30720,8,185,2803772607006,2803772744339,2803773913006
642,PUT,load_put_637_workload_small.txt,1083,1,0,2803773965797,2803774084131,2803774114964
643,GET,workload_small.txt,1083,1,0,2803774146797,2803774236922,2803774285506
630,GET,workload_large.txt,153637,38,1214,2803768337130,2803768388713,2803774532881
633,GET,workload_large.txt,153637,38,1214,2803768462380,2803768540630,2803774635881
634,GET,workload_large.txt,153637,38,1214,2803768743922,2803768807005,2803774751714
635,GET,workload_large.txt,153637,38,1214,2803769592089,2803769677047,2803775535089
648,GET,workload_small.txt,1083,1,0,2803775605923,2803775678631,2803775725256
646,GET,workload_medium.txt,30720,8,185,2803774737964,2803774768381,2803775749923
629,PUT,load_put_624_workload_longline.txt,6401,2,0,2803746771586,2803746865253,2803787999216
650,GET,workload_longline.txt,6401,2,0,2803775817673,2803775971464,2803788085966
652,PUT,load_put_647_workload_small.txt,1083,1,0,2803788148341,2803788260799,2803788358257
653,GET,workload_small.txt,1083,1,0,2803788465757,2803788569841,2803788614258
637,PUT,load_put_632_workload_longline.txt,6401,2,0,2803770267172,2803770357464,2803811811552
651,GET,workload_medium.txt,30720,8,185,2803788091216,2803788134507,2803811979344
647,PUT,load_put_642_workload_longline.txt,6401,2,0,2803774778214,2803774848506,2803815058927
641,PUT,load_put_636_workload_large.txt,153637,38,0,2803773128422,2803773243797,2803815380594
649,PUT,load_put_644_workload_longline.txt,6401,2,0,2803775807006,2803775896548,2803816126136
656,GET,workload_medium.txt,30720,8,185,2803812192052,2803815071344,2803816214136
645,PUT,load_put_640_workload_large.txt,153637,38,0,2803774562422,2803774626839,2803816720219
659,GET,workload_medium.txt,30720,8,185,2803816199136,2803816252344,2803816833219
644,GET,workload_large.txt,153637,38,1214,2803774327381,2803774393881,2803816866303
661,PUT,load_put_656_workload_small.txt,1083,1,0,2803816940928,2803816981511,2803817181344
654,PUT,load_put_649_workload_longline.txt,6401,2,0,2803788714008,2803788793799,2803830537637
662,GET,workload_medium.txt,30720,8,185,2803816985553,2803817244261,2803854292474
655,PUT,load_put_650_workload_medium.txt,30720,8,0,2803811909010,2803811979760,2803854703224
667,GET,workload_longline.txt,6401,2,0,2803854770890,2803854825682,2803854960099
668,GET,workload_longline.txt,6401,2,0,2803855077349,2803855125224,2803855247974
669,PUT,load_put_664_workload_small.txt,1083,1,0,2803855324140,2803855420849,2803855485224
658,PUT,load_put_653_workload_large.txt,153637,38,0,2803815528136,2803815660677,2803855646432
663,PUT,load_put_658_workload_longline.txt,6401,2,0,2803817301261,2803817437594,2803858078891
660,PUT,load_put_655_workload_longline.txt,6401,2,0,2803816783761,2803816823344,2803858109516
657,GET,workload_large.txt,153637,38,1214,2803815131927,2803815199386,2803858115932
665,PUT,load_put_660_workload_longline.txt,6401,2,0,2803830697429,2803830796471,2803871101684
674,GET,workload_longline.txt,6401,2,0,2803858163307,2803858342307,2803871155684
676,GET,workload_small.txt,1083,1,0,2803871215142,2803871348892,2803871387351
675,GET,workload_medium.txt,30720,8,185,2803871153392,2803871174226,2803896274187
670,PUT,load_put_665_workload_medium.txt,30720,8,0,2803855585765,2803855652099,2803896334729
664,PUT,load_put_659_workload_large.txt,153637,38,0,2803817303511,2803817504094,2803896380895
671,PUT,load_put_666_workload_longline.txt,6401,2,0,2803855754807,2803855967516,2803897049770
666,PUT,load_put_661_workload_large.txt,153637,38,0,2803854378432,2803854419765,2803897084729
681,GET,workload_longline.txt,6401,2,0,2803897158645,2803897219104,2803897347729
672,PUT,load_put_667_workload_large.txt,153637,38,0,2803858129557,2803858163516,2803897722937
682,GET,workload_medium.txt,30720,8,185,2803897173229,2803897237854,2803897768979
684,GET,workload_longline.txt,6401,2,0,2803897804520,2803897827520,2803897921979
673,PUT,load_put_668_workload_longline.txt,6401,2,0,2803858159516,2803858249766,2803899090521
678,PUT,load_put_673_workload_large.txt,153637,38,0,2803896370895,2803896389604,2803899862729
688,PUT,load_put_683_workload_small.txt,1083,1,0,2803899906604,2803899978896,2803900075021
687,GET,workload_medium.txt,30720,8,185,2803899196937,2803899296937,2803900265729
680,PUT,load_put_675_workload_large.txt,153637,38,0,2803896467395,2803896616520,2803900420021
677,PUT,load_put_672_workload_longline.txt,6401,2,0,2803871468601,2803871491226,2803913260356
691,GET,workload_longline.txt,6401,2,0,2803900526604,2803913408064,2803941135317
686,PUT,load_put_681_workload_longline.txt,6401,2,0,2803897968312,2803897991187,2803941389067
685,PUT,load_put_680_workload_medium.txt,30720,8,0,2803897862854,2803897893645,2803941437526
689,PUT,load_put_684_workload_medium.txt,30720,8,0,2803900188562,2803900266104,2803941442817
683,PUT,load_put_678_workload_large.txt,153637,38,0,2803897376020,2803897410354,2803941470692
679,GET,workload_large.txt,153637,38,1214,2803896464854,2803896477270,2803941513734
693,GET,workload_small.txt,1083,1,0,2803941529234,2803941565859,2803941662234
694,GET,workload_longline.txt,6401,2,0,2803941663192,2803941664942,2803941755942
698,GET,workload_small.txt,1083,1,0,2803941748234,2803941902359,2803941953151
695,GET,workload_longline.txt,6401,2,0,2803941718192,2803941756567,2803942057901
699,GET,workload_longline.txt,6401,2,0,2803941751067,2803941953567,2803942233192
696,GET,workload_medium.txt,30720,8,185,2803941722609,2803941774192,2803954825486
690,PUT,load_put_685_workload_medium.txt,30720,8,0,2803900423354,2803913327731,2803954891777
701,GET,workload_medium.txt,30720,8,185,2803941981692,2803942233984,2803954918069
704,GET,workload_longline.txt,6401,2,0,2803954918986,2803954933527,2803955061361
700,PUT,load_put_695_workload_longline.txt,6401,2,0,2803941793984,2803942058609,2803983246114
692,PUT,load_put_687_workload_longline.txt,6401,2,0,2803913432481,2803941135984,2803983257947
697,PUT,load_put_692_workload_longline.txt,6401,2,0,2803941744026,2803941857567,2803983259697
702,PUT,load_put_697_workload_large.txt,153637,38,0,2803942087109,2803942308817,2803983600822
703,PUT,load_put_698_workload_large.txt,153637,38,0,2803942292109,2803954098235,2803983622781
706,PUT,load_put_701_workload_medium.txt,30720,8,0,2803955090236,2803955173902,2803996284782
707,PUT,load_put_702_workload_medium.txt,30720,8,0,2803955138486,2803955310277,2803996296199
710,GET,workload_medium.txt,30720,8,185,2803983619447,2803983674197,2803996357574
708,PUT,load_put_703_workload_large.txt,153637,38,0,2803983612281,2803983623364,2803996661949
712,PUT,load_put_707_workload_large.txt,153637,38,0,2803983877072,2803983983239,2803996689616
714,GET,workload_small.txt,1083,1,0,2803997077532,2803997113282,2803997161616
717,GET,workload_small.txt,1083,1,0,2803997084657,2803997177199,2803997257866
711,PUT,load_put_706_workload_longline.txt,6401,2,0,2803983694739,2803983786322,2804024100785
709,PUT,load_put_704_workload_longline.txt,6401,2,0,2803983615697,2803983633364,2804024100827
705,GET,workload_large.txt,153637,38,1214,2803955086944,2803955094694,2804024156952
713,PUT,load_put_708_workload_longline.txt,6401,2,0,2803997073407,2803997085949,2804038067704
715,PUT,load_put_710_workload_longline.txt,6401,2,0,2803997079657,2803997144657,2804038088745
721,PUT,load_put_716_workload_small.txt,1083,1,0,2804024378661,2804038089412,2804038128079
722,GET,workload_small.txt,1083,1,0,2804024420369,2804038128579,2804038162204
716,GET,workload_medium.txt,30720,8,185,2803997082032,2803997162157,2804038309121
726,GET,workload_small.txt,1083,1,0,2804038338204,2804038449079,2804038500704
725,PUT,load_put_720_workload_small.txt,1083,1,0,2804038328454,2804038418996,2804038554412
719,PUT,load_put_714_workload_longline.txt,6401,2,0,2803997360407,2804024157410,2804065070707
730,PUT,load_put_725_workload_small.txt,1083,1,0,2804065164707,2804065268832,2804065402499
718,PUT,load_put_713_workload_medium.txt,30720,8,0,2803997319574,2804024156160,2804079121459
728,PUT,load_put_723_workload_medium.txt,30720,8,0,2804038683454,2804038756579,2804079297750
727,PUT,load_put_722_workload_medium.txt,30720,8,0,2804038340412,2804038501079,2804079307834
732,GET,workload_longline.txt,6401,2,0,2804079412500,2804079438375,2804079601250
733,GET,workload_medium.txt,30720,8,185,2804079415584,2804079451959,2804080411292
729,PUT,load_put_724_workload_medium.txt,30720,8,0,2804038685746,2804038860704,2804080540917
737,GET,workload_small.txt,1083,1,0,2804080583292,2804080640209,2804080689501
720,GET,workload_large.txt,153637,38,1214,2804024257369,2804038068454,2804081669376
724,PUT,load_put_719_workload_large.txt,153637,38,0,2804038326496,2804038341746,2804081688834
731,PUT,load_put_726_workload_longline.txt,6401,2,0,2804065503499,2804065654165,2804106051170
734,PUT,load_put_729_workload_longline.txt,6401,2,0,2804079417834,2804079459125,2804121338339
723,GET,workload_large.txt,153637,38,1214,2804038323787,2804038328329,2804121493630
738,PUT,load_put_733_workload_medium.txt,30720,8,0,2804080733251,2804080788584,2804121551380
742,GET,workload_longline.txt,6401,2,0,2804121591255,2804121622214,2804121712880
741,GET,workload_medium.txt,30720,8,185,2804106140462,2804121360672,2804121805255
744,PUT,load_put_739_workload_small.txt,1083,1,0,2804121852005,2804121855922,2804121948214
739,PUT,load_put_734_workload_longline.txt,6401,2,0,2804081707376,2804081821167,2804122102589
743,GET,workload_medium.txt,30720,8,185,2804121775797,2804121786505,2804122314214
736,PUT,load_put_731_workload_large.txt,153637,38,0,2804080489292,2804080541376,2804122625464
746,GET,workload_medium.txt,30720,8,185,2804122088172,2804122104714,2804122910339
735,GET,workload_large.txt,153637,38,1214,2804079720375,2804079861334,2804124156339
740,PUT,load_put_735_workload_medium.txt,30720,8,0,2804081782626,2804082049959,2804164111594
749,PUT,load_put_744_workload_medium.txt,30720,8,0,2804122517089,2804122625922,2804164139594
748,PUT,load_put_743_workload_medium.txt,30720,8,0,2804122508589,2804122579089,2804164156802
747,PUT,load_put_742_workload_medium.txt,30720,8,0,2804122148422,2804122172797,2804164189469
752,GET,workload_medium.txt,30720,8,185,2804124365839,2804163855844,2804164379677
754,PUT,load_put_749_workload_small.txt,1083,1,0,2804164432344,2804164435260,2804164546094
758,GET,workload_small.txt,1083,1,0,2804164608469,2804164787594,2804164840636
756,GET,workload_medium.txt,30720,8,185,2804164440052,2804164525344,2804165533552
751,PUT,load_put_746_workload_medium.txt,30720,8,0,2804123061422,2804124241756,2804165602261
757,GET,workload_medium.txt,30720,8,185,2804164525469,2804164593511,2804165603511
759,GET,workload_medium.txt,30720,8,185,2804164897011,2804164992469,2804165642302
753,PUT,load_put_748_workload_large.txt,153637,38,0,2804164428844,2804164433635,2804165760386
763,GET,workload_small.txt,1083,1,0,2804165853969,2804165960302,2804166123219
765,GET,workload_small.txt,1083,1,0,2804166150261,2804166199552,2804166261802
745,GET,workload_large.txt,153637,38,1214,2804121905714,2804121949089,2804166311261
761,GET,workload_medium.txt,30720,8,185,2804165848177,2804165859636,2804166825302
764,GET,workload_medium.txt,30720,8,185,2804165858177,2804166067219,2804166924136
750,GET,workload_large.txt,153637,38,1214,2804122675381,2804122819589,2804166967427
768,GET,workload_medium.txt,30720,8,185,2804166865927,2804166916427,2804167946719
771,GET,workload_small.txt,1083,1,0,2804168032094,2804168243886,2804168299636
772,GET,workload_longline.txt,6401,2,0,2804168387678,2804168480928,2804168668094
766,PUT,load_put_761_workload_large.txt,153637,38,0,2804166295844,2804166343094,2804170526303
762,GET,workload_large.txt,153637,38,1214,2804165850927,2804165881844,2804170653178
760,GET,workload_large.txt,153637,38,1214,2804165844969,2804165854177,2804170705095
774,GET,workload_small.txt,1083,1,0,2804170629136,2804170705470,2804170761136
767,PUT,load_put_762_workload_large.txt,153637,38,0,2804166406594,2804166466761,2804170781595
778,GET,workload_small.txt,1083,1,0,2804170906220,2804205964265,2804206048640
755,PUT,load_put_750_workload_medium.txt,30720,8,0,2804164436052,2804164512427,2804206978266
777,GET,workload_medium.txt,30720,8,185,2804170902928,2804205819557,2804207257141
769,PUT,load_put_764_workload_longline.txt,6401,2,0,2804166947136,2804166979386,2804208138807
780,GET,workload_medium.txt,30720,8,185,2804207145349,2804207257682,2804208533641
770,PUT,load_put_765_workload_medium.txt,30720,8,0,2804166995094,2804167088052,2804208555474
773,PUT,load_put_768_workload_large.txt,153637,38,0,2804168758553,2804168857386,2804208733141
784,GET,workload_small.txt,1083,1,0,2804208938432,2804209097766,2804209149682
776,GET,workload_large.txt,153637,38,1214,2804170755095,2804170874970,2804211327474
775,PUT,load_put_770_workload_medium.txt,30720,8,0,2804170750886,2804170786970,2804211467558
779,GET,workload_large.txt,153637,38,1214,2804206138432,2804206269515,2804211707849
783,PUT,load_put_778_workload_longline.txt,6401,2,0,2804208934141,2804208968224,2804249283771
781,PUT,load_put_776_workload_medium.txt,30720,8,0,2804207350307,2804207511724,2804249520521
782,PUT,load_put_777_workload_large.txt,153637,38,0,2804208930391,2804208931849,2804250324437
785,PUT,load_put_780_workload_large.txt,153637,38,0,2804209274266,2804209352433,2804250708354
787,PUT,load_put_782_workload_longline.txt,6401,2,0,2804211367099,2804211384933,2804253106646
786,GET,workload_large.txt,153637,38,1214,2804209278141,2804209440141,2804253780354
789,PUT,load_put_784_workload_medium.txt,30720,8,0,2804211778266,2804211834849,2804253953354
795,GET,workload_longline.txt,6401,2,0,2804253869354,2804253960146,2804254190271
791,PUT,load_put_786_workload_longline.txt,6401,2,0,2804249588854,2804249633271,2804292125234
798,GET,workload_longline.txt,6401,2,0,2804292255526,2804292331526,2804292525859
793,PUT,load_put_788_workload_medium.txt,30720,8,0,2804250796896,2804250949521,2804292870901
788,PUT,load_put_783_workload_large.txt,153637,38,0,2804211572099,2804211719349,2804293572276
794,PUT,load_put_789_workload_longline.txt,6401,2,0,2804253173604,2804253198938,2804295107943
800,GET,workload_medium.txt,30720,8,185,2804292990401,2804293238192,2804295123526
801,GET,workload_medium.txt,30720,8,185,2804293666484,2804293959359,2804295311943
802,GET,workload_longline.txt,6401,2,0,2804295182901,2804295208859,2804295325151
797,PUT,load_put_792_workload_medium.txt,30720,8,0,2804254268313,2804254544646,2804295337568
790,GET,workload_large.txt,153637,38,1214,2804249529312,2804249549104,2804295436026
804,GET,workload_small.txt,1083,1,0,2804295378026,2804295398776,2804295442568
796,PUT,load_put_791_workload_medium.txt,30720,8,0,2804254109479,2804254240729,2804295498193
806,GET,workload_small.txt,1083,1,0,2804295535109,2804295564068,2804295613276
792,GET,workload_large.txt,153637,38,1214,2804250394437,2804250526521,2804295664401
808,GET,workload_small.txt,1083,1,0,2804295584526,2804295645443,2804295722984
809,GET,workload_small.txt,1083,1,0,2804295663943,2804295723568,2804295762193
810,PUT,load_put_806_workload_small.txt,1083,1,0,2804295793443,2804295804109,2804295844859
813,GET,workload_longline.txt,6401,2,0,2804295802568,2804295890943,2804296083401
814,PUT,load_put_809_workload_small.txt,1083,1,0,2804296082443,2804296099359,2804296218776
811,GET,workload_medium.txt,30720,8,185,2804295797068,2804295805984,2804296815693
817,PUT,load_put_812_workload_small.txt,1083,1,0,2804296894901,2804296929151,2804296993776
799,GET,workload_large.txt,153637,38,1214,2804292582817,2804292658067,2804297779026
819,GET,workload_small.txt,1083,1,0,2804297824193,2804297894151,2804297972818
820,PUT,load_put_815_workload_small.txt,1083,1,0,2804298056360,2804298111860,2804298294401
821,GET,workload_small.txt,1083,1,0,2804298389276,2804298505485,2804298558401
812,PUT,load_put_807_workload_large.txt,153637,38,0,2804295799568,2804295845359,2804299980443
816,PUT,load_put_811_workload_large.txt,153637,38,0,2804296395985,2804296453360,2804300825943
807,GET,workload_large.txt,153637,38,1214,2804295543484,2804295571734,2804301083360
805,GET,workload_large.txt,153637,38,1214,2804295531734,2804295532568,2804301119485
824,GET,workload_small.txt,1083,1,0,2804300945652,2804301130902,2804301169902
825,PUT,load_put_820_workload_small.txt,1083,1,0,2804301181277,2804301232443,2804301313068
815,GET,workload_large.txt,153637,38,1214,2804296141443,2804296220234,2804302377527
826,GET,workload_medium.txt,30720,8,185,2804301185443,2804301313652,2804336155656
828,GET,workload_medium.txt,30720,8,185,2804301421485,2804301620360,2804336211073
830,GET,workload_small.txt,1083,1,0,2804336263156,2804336275489,2804336324823
803,PUT,load_put_798_workload_medium.txt,30720,8,0,2804295374318,2804295396401,2804336351073
831,PUT,load_put_826_workload_small.txt,1083,1,0,2804336316323,2804336351531,2804336428406
832,GET,workload_longline.txt,6401,2,0,2804336389906,2804336448364,2804336524156
834,PUT,load_put_829_workload_small.txt,1083,1,0,2804336507239,2804336653531,2804336810823
818,PUT,load_put_813_workload_longline.txt,6401,2,0,2804297139068,2804297182776,2804339108990
822,PUT,load_put_817_workload_longline.txt,6401,2,0,2804298621735,2804298658985,2804340095531
838,GET,workload_medium.txt,30720,8,185,2804340170198,2804340214198,2804341103906
823,PUT,load_put_818_workload_large.txt,153637,38,0,2804300125485,2804300227152,2804344206699
840,GET,workload_small.txt,1083,1,0,2804344299990,2804344365074,2804344401532
841,PUT,load_put_836_workload_small.txt,1083,1,0,2804344481782,2804344542574,2804344640240
829,PUT,load_put_824_workload_medium.txt,30720,8,0,2804302413569,2804302543527,2804344736615
827,PUT,load_put_822_workload_large.txt,153637,38,0,2804301272068,2804301518735,2804344813782
842,PUT,load_put_837_workload_small.txt,1083,1,0,2804344747532,2804344820074,2804344969282
835,PUT,load_put_830_workload_longline.txt,6401,2,0,2804336722781,2804336904864,2804377084077
846,PUT,load_put_841_workload_small.txt,1083,1,0,2804377180077,2804377269286,2804377402202
836,PUT,load_put_831_workload_medium.txt,30720,8,0,2804336998031,2804337066656,2804378807578
833,PUT,load_put_828_workload_large.txt,153637,38,0,2804336504614,2804336547614,2804378983828
848,GET,workload_small.txt,1083,1,0,2804378913703,2804378984328,2804379085744
837,GET,workload_large.txt,153637,38,1214,2804339190323,2804340112573,2804379962953
851,GET,workload_small.txt,1083,1,0,2804380081453,2804380220828,2804380283328
849,GET,workload_medium.txt,30720,8,185,2804379100536,2804379182411,2804380485453
850,GET,workload_medium.txt,30720,8,185,2804379157036,2804379303161,2804380640953
839,PUT,load_put_834_workload_medium.txt,30720,8,0,2804341167157,2804341258615,2804382806286
844,PUT,load_put_839_workload_large.txt,153637,38,0,2804344919240,2804345206074,2804387686704
845,GET,workload_large.txt,153637,38,1214,2804345156157,2804345383324,2804387760704
843,PUT,load_put_838_workload_medium.txt,30720,8,0,2804344881324,2804345118990,2804387834579
858,GET,workload_longline.txt,6401,2,0,2804387948912,2804388211079,2804388334579
859,PUT,load_put_854_workload_small.txt,1083,1,0,2804388429329,2804388469370,2804388517662
847,PUT,load_put_842_workload_medium.txt,30720,8,0,2804377544244,2804377635411,2804418451249
861,PUT,load_put_856_workload_small.txt,1083,1,0,2804418563791,2804418591291,2804418788999
862,GET,workload_longline.txt,6401,2,0,2804418893207,2804418951999,2804419160374
852,PUT,load_put_847_workload_large.txt,153637,38,0,2804380368536,2804380485870,2804419215999
853,GET,workload_large.txt,153637,38,1214,2804380539953,2804380641411,2804419254832
854,PUT,load_put_849_workload_longline.txt,6401,2,0,2804380700745,2804380807578,2804421110958
866,PUT,load_put_861_workload_small.txt,1083,1,0,2804421214208,2804421286249,2804421435916
863,GET,workload_medium.txt,30720,8,185,2804419237332,2804419271874,2804421724583
868,GET,workload_longline.txt,6401,2,0,2804421823083,2804421882208,2804421999999
869,GET,workload_small.txt,1083,1,0,2804422075458,2804422139041,2804422183749
867,GET,workload_medium.txt,30720,8,185,2804421514374,2804421560708,2804422286166
856,PUT,load_put_851_workload_large.txt,153637,38,0,2804387781329,2804387835079,2804422340541
857,PUT,load_put_852_workload_large.txt,153637,38,0,2804387847620,2804387917162,2804422485083
871,GET,workload_small.txt,1083,1,0,2804422355708,2804422485624,2804422528125
872,GET,workload_small.txt,1083,1,0,2804422378208,2804422528500,2804422567166
855,PUT,load_put_850_workload_longline.txt,6401,2,0,2804382898453,2804382987078,2804424139375
874,GET,workload_small.txt,1083,1,0,2804422693541,2804424208541,2804424257125
860,PUT,load_put_855_workload_longline.txt,6401,2,0,2804388594329,2804388663245,2804430072667
865,PUT,load_put_860_workload_longline.txt,6401,2,0,2804419338082,2804419468207,2804460819671
878,GET,workload_longline.txt,6401,2,0,2804430145792,2804463109338,2804463375088
873,GET,workload_medium.txt,30720,8,185,2804422562333,2804424147458,2804463787588
870,PUT,load_put_865_workload_medium.txt,30720,8,0,2804422325416,2804422341041,2804463999046
882,GET,workload_small.txt,1083,1,0,2804464089963,2804464211546,2804464260588
880,GET,workload_medium.txt,30720,8,185,2804463446713,2804463530254,2804465166421
875,PUT,load_put_870_workload_medium.txt,30720,8,0,2804422696041,2804424257625,2804465351796
877,PUT,load_put_872_workload_medium.txt,30720,8,0,2804424297666,2804424490375,2804465386421
864,PUT,load_put_859_workload_large.txt,153637,38,0,2804419272207,2804419349749,2804465435838
876,PUT,load_put_871_workload_medium.txt,30720,8,0,2804424226000,2804424440000,2804465683755
886,GET,workload_small.txt,1083,1,0,2804465946755,2804466099505,2804466134380
888,GET,workload_longline.txt,6401,2,0,2804466532796,2804466576921,2804466699505
889,PUT,load_put_884_workload_small.txt,1083,1,0,2804466898171,2804466968213,2804467037588
890,GET,workload_longline.txt,6401,2,0,2804467095546,2804467139171,2804467381755
881,GET,workload_large.txt,153637,38,1214,2804463864588,2804463999629,2804467408380
891,GET,workload_small.txt,1083,1,0,2804467159463,2804467382922,2804467428630
879,GET,workload_large.txt,153637,38,1214,2804460920212,2804463127213,2804467460838
892,GET,workload_small.txt,1083,1,0,2804467413297,2804467461338,2804467499047
883,PUT,load_put_878_workload_longline.txt,6401,2,0,2804464382338,2804464517213,2804506151551
885,PUT,load_put_880_workload_longline.txt,6401,2,0,2804465925088,2804465972671,2804507083468
894,GET,workload_medium.txt,30720,8,185,2804467497422,2804467550297,2804507221093
884,GET,workload_large.txt,153637,38,1214,2804465917088,2804465927171,2804508110010
893,PUT,load_put_888_workload_medium.txt,30720,8,0,2804467489130,2804467516172,2804508151593
895,PUT,load_put_890_workload_medium.txt,30720,8,0,2804467548838,2804467606047,2804508162010
887,GET,workload_large.txt,153637,38,1214,2804466052921,2804466134880,2804508261260
897,PUT,load_put_892_workload_large.txt,153637,38,0,2804506250634,2804506408676,2804508304093
896,GET,workload_large.txt,153637,38,1214,2804467747505,2804506153843,2804508876968
902,GET,workload_small.txt,1083,1,0,2804509161926,2804509172051,2804509199343
905,GET,workload_small.txt,1083,1,0,2804509232135,2804509289426,2804509326260
901,GET,workload_longline.txt,6401,2,0,2804509141676,2804509159426,2804509373301
907,GET,workload_longline.txt,6401,2,0,2804509408426,2804509454677,2804509560677
898,GET,workload_medium.txt,30720,8,185,2804509065385,2804509075593,2804509716302
899,PUT,load_put_894_workload_large.txt,153637,38,0,2804509068885,2804509079635,2804511300843
910,PUT,load_put_906_workload_small.txt,1083,1,0,2804511331552,2804511355802,2804511395718
906,PUT,load_put_902_workload_large.txt,153637,38,0,2804509378510,2804509439010,2804511438802
904,GET,workload_large.txt,153637,38,1214,2804509167218,2804509200010,2804512398760
913,PUT,load_put_909_workload_small.txt,1083,1,0,2804512481010,2804512521135,2804512550969
908,GET,workload_large.txt,153637,38,1214,2804509674843,2804509702718,2804512753760
909,GET,workload_large.txt,153637,38,1214,2804509817302,2804509849885,2804513112219
916,GET,workload_medium.txt,30720,8,185,2804513158719,2804513192094,2804513945885
903,PUT,load_put_898_workload_longline.txt,6401,2,0,2804509164593,2804509190635,2804550075806
900,PUT,load_put_895_workload_medium.txt,30720,8,0,2804509114968,2804509126385,2804550194765
912,PUT,load_put_908_workload_large.txt,153637,38,0,2804511486468,2804511554635,2804550215640
919,GET,workload_small.txt,1083,1,0,2804550259890,2804550292890,2804550337598
911,GET,workload_large.txt,153637,38,1214,2804511439843,2804511476552,2804550788556
915,PUT,load_put_911_workload_large.txt,153637,38,0,2804512864427,2804512942219,2804551111973
922,GET,workload_medium.txt,30720,8,185,2804550845348,2804550867681,2804551653098
914,PUT,load_put_910_workload_medium.txt,30720,8,0,2804512649094,2804512669385,2804554686265
917,PUT,load_put_913_workload_longline.txt,6401,2,0,2804514078219,2804514131177,2804555097474
926,GET,workload_small.txt,1083,1,0,2804555189140,2804555245724,2804555289974
927,GET,workload_small.txt,1083,1,0,2804555339682,2804555427182,2804555475515
920,PUT,load_put_916_workload_large.txt,153637,38,0,2804550396598,2804550466556,2804556487932
918,GET,workload_large.txt,153637,38,1214,2804550255973,2804550260973,2804556686057
928,GET,workload_medium.txt,30720,8,185,2804555567182,2804555641849,2804556718890
921,GET,workload_large.txt,153637,38,1214,2804550399931,2804550471556,2804557106016
923,PUT,load_put_919_workload_longline.txt,6401,2,0,2804551211140,2804551229640,2804592075645
931,GET,workload_longline.txt,6401,2,0,2804556764682,2804556932265,2804592102811
932,GET,workload_small.txt,1083,1,0,2804557193724,2804592103395,2804592139520
933,GET,workload_longline.txt,6401,2,0,2804592174895,2804592191061,2804592258103
934,GET,workload_longline.txt,6401,2,0,2804592177978,2804592206561,2804592349728
924,PUT,load_put_920_workload_medium.txt,30720,8,0,2804551697682,2804551759432,2804592500978
929,GET,workload_medium.txt,30720,8,185,2804556722640,2804556747599,2804592687228
938,GET,workload_small.txt,1083,1,0,2804592537811,2804592687811,2804592735186
939,PUT,load_put_935_workload_small.txt,1083,1,0,2804592761186,2804592826603,2804592979728
941,PUT,load_put_937_workload_small.txt,1083,1,0,2804593134728,2804593269228,2804593484020
925,PUT,load_put_921_workload_longline.txt,6401,2,0,2804554826140,2804554890432,2804595124937
930,PUT,load_put_926_workload_longline.txt,6401,2,0,2804556761349,2804556849599,2804597100187
936,GET,workload_medium.txt,30720,8,185,2804592304061,2804592361311,2804633653941
937,PUT,load_put_933_workload_medium.txt,30720,8,0,2804592393645,2804592501436,2804633952608
946,GET,workload_medium.txt,30720,8,185,2804634135900,2804634223691,2804634935025
947,GET,workload_longline.txt,6401,2,0,2804635032025,2804635126441,2804635225441
940,PUT,load_put_936_workload_medium.txt,30720,8,0,2804592797686,2804593100478,2804635331108
935,PUT,load_put_931_workload_large.txt,153637,38,0,2804592210561,2804592219061,2804635442483
944,PUT,load_put_940_workload_large.txt,153637,38,0,2804597169729,2804633654816,2804635483066
949,GET,workload_small.txt,1083,1,0,2804635581650,2804635601191,2804635662650
950,GET,workload_medium.txt,30720,8,185,2804635584358,2804635639275,2804636601192
953,GET,workload_small.txt,1083,1,0,2804636756900,2804636774400,2804636821817
954,GET,workload_longline.txt,6401,2,0,2804636874108,2804636925733,2804637108400
943,PUT,load_put_939_workload_longline.txt,6401,2,0,2804595219395,2804595400895,2804637115442
945,GET,workload_large.txt,153637,38,1214,2804633763941,2804633774525,2804637184108
942,PUT,load_put_938_workload_medium.txt,30720,8,0,2804593578603,2804595179687,2804637203442
956,GET,workload_longline.txt,6401,2,0,2804637284983,2804637295817,2804637427067
958,PUT,load_put_954_workload_small.txt,1083,1,0,2804637290400,2804637309858,2804637554358
951,PUT,load_put_947_workload_large.txt,153637,38,0,2804635586400,2804635663317,2804638073858
957,GET,workload_medium.txt,30720,8,185,2804637288108,2804637302358,2804638134692
948,PUT,load_put_944_workload_large.txt,153637,38,0,2804635578150,2804635593358,2804638205150
955,GET,workload_large.txt,153637,38,1214,2804637281650,2804637284733,2804643166401
964,PUT,load_put_960_workload_small.txt,1083,1,0,2804643252817,2804643369026,2804643475317
952,PUT,load_put_948_workload_longline.txt,6401,2,0,2804635775400,2804635828900,2804676076446
966,GET,workload_longline.txt,6401,2,0,2804676167321,2804676280196,2804676469571
961,GET,workload_large.txt,153637,38,1214,2804638230817,2804638235733,2804676792488
962,GET,workload_large.txt,153637,38,1214,2804638234067,2804638304275,2804676867863
963,GET,workload_large.txt,153637,38,1214,2804638294150,2804638403275,2804676925946
959,PUT,load_put_955_workload_longline.txt,6401,2,0,2804637451483,2804637503942,2804678074030
970,GET,workload_small.txt,1083,1,0,2804676966905,2804678221530,2804678260447
960,PUT,load_put_956_workload_longline.txt,6401,2,0,2804637653775,2804637711192,2804679093863
969,GET,workload_medium.txt,30720,8,185,2804676963571,2804678123863,2804679570405
974,PUT,load_put_970_workload_small.txt,1083,1,0,2804679642905,2804679676530,2804679721905
965,PUT,load_put_961_workload_longline.txt,6401,2,0,2804643632317,2804643741442,2804684081947
976,GET,workload_medium.txt,30720,8,185,2804684152447,2804684206906,2804684947781
977,GET,workload_small.txt,1083,1,0,2804685057489,2804685107822,2804685156239
967,PUT,load_put_963_workload_longline.txt,6401,2,0,2804676549821,2804676793030,2804718495993
968,PUT,load_put_964_workload_large.txt,153637,38,0,2804676893280,2804678074738,2804719560743
971,PUT,load_put_967_workload_medium.txt,30720,8,0,2804678214530,2804678277197,2804719582826
972,PUT,load_put_968_workload_large.txt,153637,38,0,2804678354905,2804678427947,2804719679951
980,GET,workload_longline.txt,6401,2,0,2804719649035,2804719680326,2804719903368
983,PUT,load_put_979_workload_small.txt,1083,1,0,2804720063952,2804720318493,2804720507910
973,GET,workload_large.txt,153637,38,1214,2804679205155,2804679255280,2804720545368
978,PUT,load_put_974_workload_longline.txt,6401,2,0,2804685253031,2804685274656,2804727095827
984,GET,workload_small.txt,1083,1,0,2804720631660,2804727104411,2804727151869
985,PUT,load_put_981_workload_small.txt,1083,1,0,2804720634243,2804727152369,2804727251869
988,GET,workload_small.txt,1083,1,0,2804727364369,2804727477494,2804727523077
975,PUT,load_put_971_workload_medium.txt,30720,8,0,2804679807822,2804679851113,2804759223748
982,PUT,load_put_978_workload_longline.txt,6401,2,0,2804719857285,2804720271077,2804762106915
979,PUT,load_put_975_workload_medium.txt,30720,8,0,2804718630368,2804718671368,2804762159665
981,PUT,load_put_977_workload_medium.txt,30720,8,0,2804719651701,2804719696410,2804762188415
992,GET,workload_small.txt,1083,1,0,2804762299457,2804762417665,2804762483248
987,PUT,load_put_983_workload_longline.txt,6401,2,0,2804727219036,2804727377702,2804768080416
989,PUT,load_put_985_workload_longline.txt,6401,2,0,2804727642744,2804759081998,2804800081169
990,PUT,load_put_986_workload_longline.txt,6401,2,0,2804759337331,2804760302081,2804802114795
997,GET,workload_small.txt,1083,1,0,2804802205795,2804802288878,2804802349128
998,GET,workload_longline.txt,6401,2,0,2804802443545,2804802522045,2804802702461
986,PUT,load_put_982_workload_large.txt,153637,38,0,2804727142744,2804727308369,2804802821295
999,GET,workload_small.txt,1083,1,0,2804802761753,2804802864836,2804802918836
1000,GET,workload_small.txt,1083,1,0,2804802916253,2804802997545,2804803054628
993,PUT,load_put_989_workload_longline.txt,6401,2,0,2804762302290,2804762483832,2804803101920
1001,PUT,load_put_997_workload_small.txt,1083,1,0,2804803072461,2804803112670,2804803176211
1002,PUT,load_put_998_workload_small.txt,1083,1,0,2804803097420,2804803149920,2804803253920
991,GET,workload_large.txt,153637,38,1214,2804762296248,2804762328832,2804804957753
995,GET,workload_large.txt,153637,38,1214,2804768215249,2804800092919,2804805190212
1003,GET,workload_large.txt,153637,38,1214,2804803140128,2804803216878,2804805758128
994,PUT,load_put_990_workload_medium.txt,30720,8,0,2804762601373,2804768081082,2804809141754
996,PUT,load_put_992_workload_medium.txt,30720,8,0,2804800364419,2804800502961,2804841276841
1004,GET,workload_small.txt,1083,1,0,2805536383340,2805536507090,2805536832715
